Date,Open,High,Low,Close,Adj Close,Volume,Dividends,Stock Splits
2022-01-04 00:00:00+00:00,2038.0,2055.715087890625,2027.0,2041.0,2038.2833251953125,1621989,0.0,0.0
2022-01-05 00:00:00+00:00,2039.0,2068.243896484375,2038.3160400390625,2057.0,2054.262451171875,833797,0.0,0.0
2022-01-06 00:00:00+00:00,2048.0,2056.0,2025.0,2054.0,2051.266357421875,676978,0.0,0.0
2022-01-07 00:00:00+00:00,2052.0,2056.2099609375,2031.0,2051.0,2048.270751953125,498300,0.0,0.0
2022-01-10 00:00:00+00:00,2062.0,2092.0,2060.158935546875,2081.0,2078.23046875,1059946,0.0,0.0
2022-01-11 00:00:00+00:00,2083.0,2114.0,2077.427978515625,2092.0,2089.215576171875,1536054,0.0,0.0
2022-01-12 00:00:00+00:00,2104.0,2109.0,2087.0,2092.0,2089.215576171875,920954,0.0,0.0
2022-01-13 00:00:00+00:00,2087.0,2110.0,2085.0,2110.0,2107.19189453125,516551,0.0,0.0
2022-01-14 00:00:00+00:00,2093.0,2137.0,2093.0,2117.0,2114.1826171875,713795,0.0,0.0
2022-01-17 00:00:00+00:00,2128.0,2152.0,2109.0,2123.0,2120.17431640625,1191975,0.0,0.0
2022-01-18 00:00:00+00:00,2122.0,2130.0,2082.0,2112.0,2109.189453125,964356,0.0,0.0
2022-01-19 00:00:00+00:00,2097.0,2137.0,2092.0,2131.0,2128.16357421875,1196894,0.0,0.0
2022-01-20 00:00:00+00:00,2150.0,2181.0,2019.0,2042.0,2039.2823486328125,2496754,0.0,0.0
2022-01-21 00:00:00+00:00,2050.0,2063.0,2009.947998046875,2042.0,2039.2823486328125,1079729,0.0,0.0
2022-01-24 00:00:00+00:00,2010.0,2054.0,1971.0,1986.5,1983.856201171875,772463,0.0,0.0
2022-01-25 00:00:00+00:00,2004.0,2024.0,1977.5,2003.0,2000.334228515625,795173,0.0,0.0
2022-01-26 00:00:00+00:00,2015.0,2038.0,2002.0,2002.0,1999.33544921875,1632202,0.0,0.0
2022-01-27 00:00:00+00:00,1976.5,2018.0,1963.0,2018.0,2015.3143310546875,825112,0.0,0.0
2022-01-28 00:00:00+00:00,1986.5,1988.0,1926.5,1959.0,1956.3927001953125,2924720,0.0,0.0
2022-01-31 00:00:00+00:00,1976.5,1981.5,1917.0,1941.0,1938.416748046875,1214579,0.0,0.0
2022-02-01 00:00:00+00:00,1956.5,1970.5,1945.5,1956.0,1953.396728515625,1090178,0.0,0.0
2022-02-02 00:00:00+00:00,1961.0,1980.0,1953.5,1959.5,1956.89208984375,1649974,0.0,0.0
2022-02-03 00:00:00+00:00,1957.0,1979.5,1926.5,1940.5,1937.917236328125,740975,0.0,0.0
2022-02-04 00:00:00+00:00,1950.5,1953.5,1882.7900390625,1884.5,1881.9918212890625,1106841,0.0,0.0
2022-02-07 00:00:00+00:00,1893.5,1924.0,1886.4739990234375,1910.5,1907.9571533203125,1031456,0.0,0.0
2022-02-08 00:00:00+00:00,1910.0,1936.0,1904.5,1927.0,1924.4351806640625,1680566,0.0,0.0
2022-02-09 00:00:00+00:00,1940.0,1953.5,1930.0,1936.5,1933.9227294921875,710686,0.0,0.0
2022-02-10 00:00:00+00:00,1942.0,1956.583984375,1933.0,1936.5,1933.9227294921875,746992,0.0,0.0
2022-02-11 00:00:00+00:00,1917.0,1936.0,1909.0,1930.0,1927.431396484375,750034,0.0,0.0
2022-02-14 00:00:00+00:00,1870.0,1882.0,1845.5279541015625,1878.0,1875.5006103515625,3097521,0.0,0.0
2022-02-15 00:00:00+00:00,1891.5,1903.4200439453125,1873.5,1901.0,1898.4697265625,1181085,0.0,0.0
2022-02-16 00:00:00+00:00,1896.0,1906.0,1878.5,1900.0,1897.4713134765625,501931,0.0,0.0
2022-02-17 00:00:00+00:00,1898.5,1907.5,1890.0,1899.0,1896.47265625,594364,0.0,0.0
2022-02-18 00:00:00+00:00,1911.0,1919.5,1888.5,1907.5,1904.9613037109375,1500763,0.0,0.0
2022-02-21 00:00:00+00:00,1918.5,1941.5,1912.0,1927.0,1924.4351806640625,678368,0.0,0.0
2022-02-22 00:00:00+00:00,1894.0,1956.0,1885.5,1938.5,1935.920166015625,942933,0.0,0.0
2022-02-23 00:00:00+00:00,1943.0,1964.0,1930.6400146484375,1940.5,1937.917236328125,742073,0.0,0.0
2022-02-24 00:00:00+00:00,1898.0,1937.5,1875.4739990234375,1887.5,1884.98779296875,1885422,0.0,0.0
2022-02-25 00:00:00+00:00,1900.0,1959.5,1887.5,1959.5,1956.89208984375,1694232,0.0,0.0
2022-02-28 00:00:00+00:00,1940.0,1940.0,1881.0,1920.0,1917.4447021484375,3028089,0.0,0.0
2022-03-01 00:00:00+00:00,1896.0,1927.5,1798.5,1798.5,1796.1063232421875,1136684,0.0,0.0
2022-03-02 00:00:00+00:00,1767.0,1791.5,1722.4000244140625,1746.0,1743.6761474609375,1662731,0.0,0.0
2022-03-03 00:00:00+00:00,1740.0,1779.2950439453125,1729.0,1744.5,1742.17822265625,1778643,0.0,0.0
2022-03-04 00:00:00+00:00,1725.0,1754.0,1664.0,1708.5,1706.2261962890625,2107129,0.0,0.0
2022-03-07 00:00:00+00:00,1652.0,1733.5,1584.5,1673.5,1671.2728271484375,1680498,0.0,0.0
2022-03-08 00:00:00+00:00,1648.5,1680.5,1611.0,1626.5,1624.3353271484375,1593919,0.0,0.0
2022-03-09 00:00:00+00:00,1656.0,1760.0,1653.5,1747.5,1745.17431640625,1507892,0.0,0.0
2022-03-10 00:00:00+00:00,1753.5,1761.43896484375,1705.0,1715.5,1713.216796875,741233,0.0,0.0
2022-03-11 00:00:00+00:00,1696.0,1729.4620361328125,1678.5,1699.0,1696.7386474609375,1508590,0.0,0.0
2022-03-14 00:00:00+00:00,1721.5,1783.5,1711.0,1766.5,1764.1488037109375,724316,0.0,0.0
2022-03-15 00:00:00+00:00,1728.0,1749.5,1711.0,1724.0,1721.70556640625,844032,0.0,0.0
2022-03-16 00:00:00+00:00,1749.0,1776.0,1722.5,1769.0,1766.6456298828125,2285998,0.0,0.0
2022-03-17 00:00:00+00:00,1784.0,1793.93896484375,1725.5,1743.5,1741.179443359375,1212177,0.0,0.0
2022-03-18 00:00:00+00:00,1715.0,1754.5,1715.0,1754.5,1752.1646728515625,2142395,0.0,0.0
2022-03-21 00:00:00+00:00,1755.5,1755.5,1731.4010009765625,1736.5,1734.188720703125,483417,0.0,0.0
2022-03-22 00:00:00+00:00,1742.0,1747.5,1729.0,1742.0,1739.6812744140625,1586557,0.0,0.0
2022-03-23 00:00:00+00:00,1740.5,1751.0,1696.5,1696.5,1694.2420654296875,1680440,0.0,0.0
2022-03-24 00:00:00+00:00,1704.5,1721.5,1679.5,1688.5,1686.2528076171875,1698634,0.0,0.0
2022-03-25 00:00:00+00:00,1691.0,1706.0,1683.5,1704.5,1702.2314453125,971808,0.0,0.0
2022-03-28 00:00:00+01:00,1724.5,1731.0,1693.0,1693.0,1690.746826171875,773584,0.0,0.0
2022-03-29 00:00:00+01:00,1713.0,1770.0,1701.5,1752.0,1749.6680908203125,2112183,0.0,0.0
2022-03-30 00:00:00+01:00,1757.5,1757.5,1717.0,1730.5,1728.19677734375,805889,0.0,0.0
2022-03-31 00:00:00+01:00,1720.0,1731.0,1662.0,1662.0,1659.7879638671875,2182180,0.0,0.0
2022-04-01 00:00:00+01:00,1664.0,1682.0,1654.1300048828125,1655.0,1652.7972412109375,1189392,0.0,0.0
2022-04-04 00:00:00+01:00,1657.5,1673.5,1647.0,1666.5,1664.281982421875,1121904,0.0,0.0
2022-04-05 00:00:00+01:00,1669.0,1676.0,1643.0,1643.0,1640.8131103515625,3052587,0.0,0.0
2022-04-06 00:00:00+01:00,1638.0,1646.5,1567.5,1603.0,1600.8665771484375,2062771,0.0,0.0
2022-04-07 00:00:00+01:00,1618.5,1629.0,1600.0,1629.0,1626.83203125,1765303,0.0,0.0
2022-04-08 00:00:00+01:00,1646.0,1662.0,1633.5,1662.0,1659.7879638671875,1030930,0.0,0.0
2022-04-11 00:00:00+01:00,1654.0,1684.5,1638.5,1644.0,1641.81201171875,1272097,0.0,0.0
2022-04-12 00:00:00+01:00,1631.0,1657.0,1622.89501953125,1633.0,1630.82666015625,632444,0.0,0.0
2022-04-13 00:00:00+01:00,1622.5,1626.5,1603.0,1604.0,1601.865234375,877069,0.0,0.0
2022-04-14 00:00:00+01:00,1609.0,1646.052001953125,1462.5,1631.5,1629.3284912109375,1251841,0.0,0.0
2022-04-19 00:00:00+01:00,1646.0,1646.0,1618.5,1630.5,1628.330078125,704142,0.0,0.0
2022-04-20 00:00:00+01:00,1642.5,1650.33203125,1629.0,1629.0,1626.83203125,793067,0.0,0.0
2022-04-21 00:00:00+01:00,1632.5,1666.0,1625.5,1656.5,1654.29541015625,763157,0.0,0.0
2022-04-22 00:00:00+01:00,1634.5,1660.5,1631.0,1633.5,1631.325927734375,996871,0.0,0.0
2022-04-25 00:00:00+01:00,1612.0,1640.0,1592.0,1630.0,1627.8306884765625,1587957,0.0,0.0
2022-04-26 00:00:00+01:00,1569.5,1601.5,1510.0,1548.5,1546.43896484375,3678941,0.0,0.0
2022-04-27 00:00:00+01:00,1540.0,1590.0,1523.5,1575.0,1572.9036865234375,1523905,0.0,0.0
2022-04-28 00:00:00+01:00,1596.5,1621.5,1590.0,1615.0,1612.8504638671875,1731214,0.0,0.0
2022-04-29 00:00:00+01:00,1635.0,1638.0780029296875,1598.0,1606.5,1604.3616943359375,1990894,0.0,0.0
2022-05-03 00:00:00+01:00,1612.0,1650.5,1582.5,1600.0,1597.8704833984375,2037301,0.0,0.0
2022-05-04 00:00:00+01:00,1605.0,1607.5,1536.0,1570.5,1568.40966796875,2133376,0.0,0.0
2022-05-05 00:00:00+01:00,1618.0,1640.0,1587.0,1600.0,1597.8704833984375,3455951,0.0,0.0
2022-05-06 00:00:00+01:00,1591.0,1618.5,1580.0,1588.0,1585.8865966796875,2058113,0.0,0.0
2022-05-09 00:00:00+01:00,1579.0,1591.0,1560.0,1560.0,1557.9237060546875,2005016,0.0,0.0
2022-05-10 00:00:00+01:00,1578.0,1595.5,1570.5,1580.5,1578.3963623046875,1507783,0.0,0.0
2022-05-11 00:00:00+01:00,1591.5,1619.0,1584.5,1608.0,1605.85986328125,2055274,0.0,0.0
2022-05-12 00:00:00+01:00,1576.0,1648.0,1574.0,1636.0,1633.8226318359375,1507587,0.0,0.0
2022-05-13 00:00:00+01:00,1649.5,1677.5,1643.0,1668.5,1666.2794189453125,1207987,0.0,0.0
2022-05-16 00:00:00+01:00,1662.0,1675.5,1636.0,1668.5,1666.2794189453125,822082,0.0,0.0
2022-05-17 00:00:00+01:00,1665.0,1691.0,1657.0,1684.5,1682.2581787109375,1113259,0.0,0.0
2022-05-18 00:00:00+01:00,1677.0,1686.5,1614.0,1614.0,1611.85205078125,1598344,0.0,0.0
2022-05-19 00:00:00+01:00,1595.5,1602.0,1550.5,1579.5,1577.3978271484375,906075,0.0,0.0
2022-05-20 00:00:00+01:00,1586.5,1631.0,1586.5,1614.0,1611.85205078125,1226091,0.0,0.0
2022-05-23 00:00:00+01:00,1625.0,1628.0,1598.9610595703125,1628.0,1625.8333740234375,1050897,0.0,0.0
2022-05-24 00:00:00+01:00,1608.5,1638.0,1597.0,1605.0,1602.8636474609375,1379367,0.0,0.0
2022-05-25 00:00:00+01:00,1615.0,1654.0,1598.0,1650.5,1648.30322265625,1343841,0.0,0.0
2022-05-26 00:00:00+01:00,1640.0,1744.0,1640.0,1723.5,1721.2061767578125,2060284,0.0,0.0
2022-05-27 00:00:00+01:00,1724.5,1752.3599853515625,1710.2110595703125,1736.0,1733.6895751953125,985000,0.0,0.0
2022-05-30 00:00:00+01:00,1746.0,1766.0,1737.2010498046875,1747.5,1745.17431640625,781868,0.0,0.0
2022-05-31 00:00:00+01:00,1733.5,1753.1240234375,1724.3499755859375,1730.0,1727.697509765625,2996350,0.0,0.0
2022-06-01 00:00:00+01:00,1755.0,1758.0,1704.5,1705.0,1702.7308349609375,1183328,0.0,0.0
2022-06-06 00:00:00+01:00,1735.0,1736.0,1694.0,1694.0,1691.7454833984375,2043610,0.0,0.0
2022-06-07 00:00:00+01:00,1683.5,1700.5,1649.5,1687.0,1684.7547607421875,1086752,0.0,0.0
2022-06-08 00:00:00+01:00,1712.0,1714.5,1679.5,1708.0,1705.726806640625,921407,0.0,0.0
2022-06-09 00:00:00+01:00,1683.0,1688.0,1651.5,1652.0,1649.9345703125,837309,13.799999,0.0
2022-06-10 00:00:00+01:00,1639.0,1644.5,1599.5,1603.0,1600.99609375,1467748,0.0,0.0
2022-06-13 00:00:00+01:00,1593.0,1609.5,1573.5,1589.0,1587.013427734375,849687,0.0,0.0
2022-06-14 00:00:00+01:00,1602.5,1606.0,1558.5,1568.5,1566.5391845703125,1114195,0.0,0.0
2022-06-15 00:00:00+01:00,1587.0,1627.5,1575.5,1615.0,1612.98095703125,2246475,0.0,0.0
2022-06-16 00:00:00+01:00,1605.5,1605.5,1560.5,1595.5,1593.505126953125,951680,0.0,0.0
2022-06-17 00:00:00+01:00,1604.0,1651.5,1588.0,1608.5,1606.489013671875,2733169,0.0,0.0
2022-06-20 00:00:00+01:00,1610.0,1652.5,1598.0,1647.0,1644.9410400390625,1358205,0.0,0.0
2022-06-21 00:00:00+01:00,1613.5,1638.25,1594.0,1610.5,1608.486572265625,979903,0.0,0.0
2022-06-22 00:00:00+01:00,1603.0,1626.113037109375,1583.5,1611.0,1608.98583984375,1899729,0.0,0.0
2022-06-23 00:00:00+01:00,1625.0,1633.9549560546875,1602.5,1611.5,1609.4852294921875,817468,0.0,0.0
2022-06-24 00:00:00+01:00,1618.0,1639.5,1590.0,1636.0,1633.9547119140625,1121272,0.0,0.0
2022-06-27 00:00:00+01:00,1644.5,1665.0,1639.5,1646.5,1644.4417724609375,861744,0.0,0.0
2022-06-28 00:00:00+01:00,1662.5,1663.0,1647.0,1650.0,1647.937255859375,711266,0.0,0.0
2022-06-29 00:00:00+01:00,1635.5,1649.5,1626.5,1639.0,1636.9510498046875,927559,0.0,0.0
2022-06-30 00:00:00+01:00,1610.0,1615.780029296875,1563.0,1578.0,1576.027099609375,1059825,0.0,0.0
2022-07-01 00:00:00+01:00,1570.5,1616.0,1568.0,1589.0,1587.013427734375,978130,0.0,0.0
2022-07-04 00:00:00+01:00,1594.0,1610.5,1593.0,1597.0,1595.0032958984375,611581,0.0,0.0
2022-07-05 00:00:00+01:00,1611.0,1619.5,1526.0,1526.5,1524.591552734375,1405551,0.0,0.0
2022-07-06 00:00:00+01:00,1545.0,1573.0,1539.0,1562.5,1560.546630859375,1324000,0.0,0.0
2022-07-07 00:00:00+01:00,1566.0,1585.0,1565.0,1573.5,1571.53271484375,878525,0.0,0.0
2022-07-08 00:00:00+01:00,1570.0,1599.0,1564.0,1590.5,1588.51171875,963661,0.0,0.0
2022-07-11 00:00:00+01:00,1573.5,1594.0,1571.0,1584.5,1582.51904296875,659318,0.0,0.0
2022-07-12 00:00:00+01:00,1581.0,1587.5,1557.5,1587.5,1585.5150146484375,1844377,0.0,0.0
2022-07-13 00:00:00+01:00,1586.0,1614.5,1582.5,1594.5,1592.5067138671875,1337196,0.0,0.0
2022-07-14 00:00:00+01:00,1587.5,1600.0,1538.0,1552.0,1550.0595703125,1663117,0.0,0.0
2022-07-15 00:00:00+01:00,1561.0,1601.0,1540.0,1598.0,1596.002197265625,1264814,0.0,0.0
2022-07-18 00:00:00+01:00,1607.5,1623.5,1605.5,1618.5,1616.4766845703125,858879,0.0,0.0
2022-07-19 00:00:00+01:00,1615.5,1669.0,1608.5,1667.0,1664.9158935546875,663983,0.0,0.0
2022-07-20 00:00:00+01:00,1672.0,1680.0,1657.0,1678.0,1675.902099609375,641768,0.0,0.0
2022-07-21 00:00:00+01:00,1696.5,1711.5,1683.0,1691.0,1688.8858642578125,1301404,0.0,0.0
2022-07-22 00:00:00+01:00,1689.5,1714.5,1677.5,1699.0,1696.8758544921875,682300,0.0,0.0
2022-07-25 00:00:00+01:00,1690.5,1704.5,1678.0,1695.5,1693.38037109375,513923,0.0,0.0
2022-07-26 00:00:00+01:00,1691.0,1694.5,1646.0,1646.0,1643.9420166015625,729355,0.0,0.0
2022-07-27 00:00:00+01:00,1650.5,1675.5,1650.197021484375,1668.5,1666.4140625,675277,0.0,0.0
2022-07-28 00:00:00+01:00,1673.5,1677.969970703125,1652.0,1662.5,1660.421630859375,745650,0.0,0.0
2022-07-29 00:00:00+01:00,1680.0,1684.5,1665.5,1672.0,1669.9097900390625,973527,0.0,0.0
2022-08-01 00:00:00+01:00,1668.0,1680.5,1661.0,1664.5,1662.4189453125,827766,0.0,0.0
2022-08-02 00:00:00+01:00,1657.0,1661.6800537109375,1643.5,1643.5,1641.4451904296875,850684,0.0,0.0
2022-08-03 00:00:00+01:00,1640.0,1660.0,1632.0,1657.0,1654.9283447265625,878348,0.0,0.0
2022-08-04 00:00:00+01:00,1661.0,1677.5,1659.5,1675.0,1672.9058837890625,776163,0.0,0.0
2022-08-05 00:00:00+01:00,1678.0,1678.5,1639.0,1645.0,1642.9434814453125,452002,0.0,0.0
2022-08-08 00:00:00+01:00,1659.5,1667.0,1641.5,1659.0,1656.9259033203125,675307,0.0,0.0
2022-08-09 00:00:00+01:00,1659.5,1662.0,1634.3709716796875,1640.0,1637.94970703125,1173054,0.0,0.0
2022-08-10 00:00:00+01:00,1638.0,1663.5,1629.3800048828125,1661.0,1658.9237060546875,799325,0.0,0.0
2022-08-11 00:00:00+01:00,1666.0,1667.5,1645.0,1649.0,1646.9383544921875,583307,0.0,0.0
2022-08-12 00:00:00+01:00,1651.0,1665.5,1640.5,1660.0,1657.924560546875,679943,0.0,0.0
2022-08-15 00:00:00+01:00,1661.5,1668.0999755859375,1650.0,1657.5,1655.427978515625,465379,0.0,0.0
2022-08-16 00:00:00+01:00,1657.5,1662.5,1642.5,1658.5,1656.4263916015625,1357934,0.0,0.0
2022-08-17 00:00:00+01:00,1664.5,1669.0,1629.5,1638.5,1636.45166015625,716779,0.0,0.0
2022-08-18 00:00:00+01:00,1640.0,1641.5,1621.5,1630.0,1627.9620361328125,473492,0.0,0.0
2022-08-19 00:00:00+01:00,1618.0,1628.0,1605.0,1612.0,1609.9847412109375,848207,0.0,0.0
2022-08-22 00:00:00+01:00,1605.5,1615.5,1572.5,1577.5,1575.5279541015625,734929,0.0,0.0
2022-08-23 00:00:00+01:00,1574.0,1584.5,1554.5,1561.0,1559.0484619140625,787289,0.0,0.0
2022-08-24 00:00:00+01:00,1560.0,1561.0,1534.0,1555.0,1553.0557861328125,565737,0.0,0.0
2022-08-25 00:00:00+01:00,1569.0,1575.5,1540.0,1548.5,1546.56396484375,966351,0.0,0.0
2022-08-26 00:00:00+01:00,1556.0,1557.375,1514.5,1515.5,1513.605224609375,687556,0.0,0.0
2022-08-30 00:00:00+01:00,1511.0,1559.0,1507.5,1541.5,1539.5728759765625,1154589,0.0,0.0
2022-08-31 00:00:00+01:00,1547.0,1549.5,1511.02001953125,1525.0,1523.0933837890625,2331436,0.0,0.0
2022-09-01 00:00:00+01:00,1525.0,1529.0,1483.0,1500.0,1498.124755859375,1023121,0.0,0.0
2022-09-02 00:00:00+01:00,1508.0,1512.5,1484.0,1502.5,1500.62158203125,797289,0.0,0.0
2022-09-05 00:00:00+01:00,1480.5,1483.5,1455.5,1477.0,1475.1534423828125,1354998,0.0,0.0
2022-09-06 00:00:00+01:00,1512.0,1520.0,1475.5,1509.5,1507.61279296875,1443857,0.0,0.0
2022-09-07 00:00:00+01:00,1490.5,1495.0,1434.2049560546875,1455.0,1453.1810302734375,1540804,0.0,0.0
2022-09-08 00:00:00+01:00,1383.5,1392.925048828125,1314.376953125,1345.0,1343.3184814453125,2776677,0.0,0.0
2022-09-09 00:00:00+01:00,1345.5,1373.5,1329.0,1355.0,1353.305908203125,1385750,0.0,0.0
2022-09-12 00:00:00+01:00,1376.0,1411.0,1350.291015625,1406.0,1404.2423095703125,1415384,0.0,0.0
2022-09-13 00:00:00+01:00,1381.5,1413.0,1360.0,1360.0,1358.2996826171875,1432353,0.0,0.0
2022-09-14 00:00:00+01:00,1348.5,1371.0,1316.5799560546875,1328.5,1326.839111328125,1470081,0.0,0.0
2022-09-15 00:00:00+01:00,1323.5,1342.5,1321.5,1332.5,1330.833984375,906784,0.0,0.0
2022-09-16 00:00:00+01:00,1321.0,1334.5,1313.0,1324.5,1322.8441162109375,2460014,0.0,0.0
2022-09-20 00:00:00+01:00,1329.5,1346.0,1321.0,1321.0,1319.3486328125,1710812,0.0,0.0
2022-09-21 00:00:00+01:00,1289.0,1328.5,1288.0,1323.0,1321.3460693359375,1617013,0.0,0.0
2022-09-22 00:00:00+01:00,1337.0,1353.0,1314.5,1333.0,1331.3333740234375,1322283,0.0,0.0
2022-09-23 00:00:00+01:00,1348.5,1350.5,1288.5,1290.0,1288.3870849609375,1205900,0.0,0.0
2022-09-26 00:00:00+01:00,1286.0,1288.5,1247.5,1278.6700439453125,1277.071533203125,1856345,0.0,0.0
2022-09-27 00:00:00+01:00,1297.0,1312.0,1274.0,1277.0,1275.4034423828125,1842040,0.0,0.0
2022-09-28 00:00:00+01:00,1267.5,1289.5,1240.5,1289.0,1287.388671875,1741173,0.0,0.0
2022-09-29 00:00:00+01:00,1263.0,1267.0,1223.0,1237.0,1235.45361328125,1860578,0.0,0.0
2022-09-30 00:00:00+01:00,1240.0,1275.5,1238.0,1261.5,1259.9229736328125,1398250,0.0,0.0
2022-10-03 00:00:00+01:00,1241.0,1262.5,1236.0,1262.5,1260.921630859375,1269993,0.0,0.0
2022-10-04 00:00:00+01:00,1276.0,1312.0,1270.5,1309.0,1307.3634033203125,2403698,0.0,0.0
2022-10-05 00:00:00+01:00,1305.5,1311.0,1258.5,1274.5,1272.906494140625,1692171,0.0,0.0
2022-10-06 00:00:00+01:00,1290.0,1298.0,1254.5,1257.5,1255.9278564453125,922938,0.0,0.0
2022-10-07 00:00:00+01:00,1249.0,1267.5,1243.0,1249.0,1247.4385986328125,1195115,0.0,0.0
2022-10-10 00:00:00+01:00,1234.5,1286.0,1232.5,1275.0,1273.406005859375,1413400,0.0,0.0
2022-10-11 00:00:00+01:00,1270.0,1285.0,1259.0,1275.0,1273.406005859375,1079752,0.0,0.0
2022-10-12 00:00:00+01:00,1272.0,1276.5,1245.5,1250.0,1248.4371337890625,1125915,0.0,0.0
2022-10-13 00:00:00+01:00,1257.5,1301.0,1242.5,1286.5,1284.8916015625,1736041,0.0,0.0
2022-10-14 00:00:00+01:00,1296.0,1329.0,1291.5400390625,1301.0,1299.3734130859375,1650239,0.0,0.0
2022-10-17 00:00:00+01:00,1302.5,1344.5,1300.0,1324.0,1322.3446044921875,1146830,0.0,0.0
2022-10-18 00:00:00+01:00,1328.0,1341.0,1311.0,1327.5,1325.84033203125,3520810,0.0,0.0
2022-10-19 00:00:00+01:00,1327.0,1332.5,1308.0,1322.0,1320.34716796875,738984,0.0,0.0
2022-10-20 00:00:00+01:00,1319.5,1347.5,1310.0,1332.0,1330.3348388671875,939115,0.0,0.0
2022-10-21 00:00:00+01:00,1314.0,1330.5,1302.0,1320.0,1318.3497314453125,996400,0.0,0.0
2022-10-24 00:00:00+01:00,1338.5,1348.5,1313.907958984375,1331.5,1329.83544921875,1014926,0.0,0.0
2022-10-25 00:00:00+01:00,1333.5,1362.5,1331.0,1355.5,1353.8055419921875,893801,0.0,0.0
2022-10-26 00:00:00+01:00,1351.0,1379.5,1348.0,1370.5,1368.78662109375,802891,0.0,0.0
2022-10-27 00:00:00+01:00,1361.5,1375.5,1350.0,1368.5,1366.7891845703125,1205033,0.0,0.0
2022-10-28 00:00:00+01:00,1330.0,1348.0,1327.0,1333.5,1331.8330078125,998138,0.0,0.0
2022-10-31 00:00:00+00:00,1340.5,1351.5,1333.0,1349.5,1347.81298828125,2048690,0.0,0.0
2022-11-01 00:00:00+00:00,1359.0,1385.0,1359.0,1380.5,1378.77392578125,900918,0.0,0.0
2022-11-02 00:00:00+00:00,1382.5,1394.5,1366.0,1379.0,1377.2760009765625,1729250,0.0,0.0
2022-11-03 00:00:00+00:00,1366.5,1387.0,1352.5,1381.5,1379.7728271484375,930525,0.0,0.0
2022-11-04 00:00:00+00:00,1393.5,1431.5,1381.0,1423.5,1421.720458984375,920579,0.0,0.0
2022-11-07 00:00:00+00:00,1410.5,1439.0,1408.0,1428.5,1426.714111328125,2403237,0.0,0.0
2022-11-08 00:00:00+00:00,1486.5,1525.0,1454.5,1458.0,1456.17724609375,1708138,0.0,0.0
2022-11-09 00:00:00+00:00,1466.5,1521.0,1465.1590576171875,1509.0,1507.11328125,1424919,0.0,0.0
2022-11-10 00:00:00+00:00,1500.0,1554.0,1488.0,1537.5,1535.57763671875,1344151,0.0,0.0
2022-11-11 00:00:00+00:00,1547.5,1565.0,1528.5,1556.0,1554.0546875,1330731,0.0,0.0
2022-11-14 00:00:00+00:00,1562.5,1571.0,1543.5,1562.0,1560.0472412109375,1238816,0.0,0.0
2022-11-15 00:00:00+00:00,1557.5,1570.5,1550.5,1556.0,1554.0546875,1244426,0.0,0.0
2022-11-16 00:00:00+00:00,1559.5,1562.0,1520.0,1528.5,1526.5889892578125,1216010,0.0,0.0
2022-11-17 00:00:00+00:00,1535.5,1540.5,1509.0,1522.0,1520.0972900390625,1327472,0.0,0.0
2022-11-18 00:00:00+00:00,1534.0,1539.5,1522.0,1534.0,1532.0821533203125,1753686,0.0,0.0
2022-11-21 00:00:00+00:00,1526.0,1526.0,1493.5,1505.0,1503.1185302734375,1041375,0.0,0.0
2022-11-22 00:00:00+00:00,1502.0,1521.0,1491.0,1520.0,1518.099609375,1563368,0.0,0.0
2022-11-23 00:00:00+00:00,1525.0,1564.5,1514.5,1560.0,1558.0496826171875,1787770,0.0,0.0
2022-11-24 00:00:00+00:00,1561.5,1597.5,1560.0,1583.0,1581.0208740234375,1262798,0.0,0.0
2022-11-25 00:00:00+00:00,1590.0,1593.5,1576.0,1589.5,1587.5126953125,860794,0.0,0.0
2022-11-28 00:00:00+00:00,1583.0,1588.5,1566.5,1575.5,1573.5302734375,1126886,0.0,0.0
2022-11-29 00:00:00+00:00,1569.5,1592.5,1569.5,1585.0,1583.018310546875,1156242,0.0,0.0
2022-11-30 00:00:00+00:00,1585.5,1599.0,1578.5,1581.0,1579.0235595703125,2804755,0.0,0.0
2022-12-01 00:00:00+00:00,1605.5,1614.0,1582.64501953125,1587.5,1585.5150146484375,1448584,0.0,0.0
2022-12-02 00:00:00+00:00,1619.5,1671.0,1616.0,1667.5,1665.4154052734375,1329180,0.0,0.0
2022-12-05 00:00:00+00:00,1675.0,1678.5,1650.0,1668.5,1666.4140625,1326941,0.0,0.0
2022-12-06 00:00:00+00:00,1670.0,1678.0,1655.8909912109375,1669.5,1667.412841796875,1166548,0.0,0.0
2022-12-07 00:00:00+00:00,1668.0,1690.0,1658.2900390625,1666.5,1664.4163818359375,1521247,0.0,0.0
2022-12-08 00:00:00+00:00,1669.5,1673.0,1650.0,1654.5,1652.431640625,1626580,0.0,0.0
2022-12-09 00:00:00+00:00,1650.0,1658.5,1624.0,1639.0,1636.9510498046875,2805858,0.0,0.0
2022-12-12 00:00:00+00:00,1631.5,1636.969970703125,1601.0,1611.0,1608.98583984375,1730479,0.0,0.0
2022-12-13 00:00:00+00:00,1618.5,1648.5,1603.0,1623.5,1621.47021484375,1453503,0.0,0.0
2022-12-14 00:00:00+00:00,1624.0,1630.5,1615.5,1629.0,1626.9635009765625,1768999,0.0,0.0
2022-12-15 00:00:00+00:00,1590.5,1592.0,1568.0,1572.0,1570.3228759765625,1684019,29.9,0.0
2022-12-16 00:00:00+00:00,1569.5,1573.0,1543.5,1553.0,1551.343017578125,3804235,0.0,0.0
2022-12-19 00:00:00+00:00,1559.5,1574.0,1553.0,1562.0,1560.3336181640625,648643,0.0,0.0
2022-12-20 00:00:00+00:00,1551.0,1555.0,1539.5,1543.0,1541.3538818359375,2958250,0.0,0.0
2022-12-21 00:00:00+00:00,1550.5,1576.0,1549.239013671875,1576.0,1574.3187255859375,855455,0.0,0.0
2022-12-22 00:00:00+00:00,1581.5,1591.5,1561.5,1568.5,1566.82666015625,676158,0.0,0.0
2022-12-23 00:00:00+00:00,1573.5,1592.5,1565.0,1587.0,1585.306884765625,535713,0.0,0.0
2022-12-28 00:00:00+00:00,1588.0,1598.5,1585.5,1588.5,1586.8052978515625,823720,0.0,0.0
2022-12-29 00:00:00+00:00,1584.0,1594.0,1569.0,1592.5,1590.80078125,582075,0.0,0.0
2022-12-30 00:00:00+00:00,1595.0,1598.5,1576.0,1576.0,1574.3187255859375,794163,0.0,0.0
2023-01-03 00:00:00+00:00,1614.0,1632.5,1601.0,1627.0,1625.2640380859375,1113283,0.0,0.0
2023-01-04 00:00:00+00:00,1634.5,1672.5,1631.0,1672.5,1670.7154541015625,984678,0.0,0.0
2023-01-05 00:00:00+00:00,1680.0,1763.0,1680.0,1744.5,1742.6387939453125,2026353,0.0,0.0
2023-01-06 00:00:00+00:00,1753.5,1775.0,1740.0,1771.0,1769.110595703125,997727,0.0,0.0
2023-01-09 00:00:00+00:00,1771.0,1774.0,1744.5,1750.0,1748.1329345703125,1052527,0.0,0.0
2023-01-10 00:00:00+00:00,1744.0,1767.5,1741.0,1754.5,1752.628173828125,1588126,0.0,0.0
2023-01-11 00:00:00+00:00,1763.5,1783.0,1755.0,1763.5,1761.61865234375,2080435,0.0,0.0
2023-01-12 00:00:00+00:00,1774.0,1805.0,1763.5,1801.5,1799.5780029296875,1509800,0.0,0.0
2023-01-13 00:00:00+00:00,1811.0,1818.5,1788.5,1795.0,1793.0849609375,875947,0.0,0.0
2023-01-16 00:00:00+00:00,1811.5,1836.0,1805.5,1828.5,1826.54931640625,529561,0.0,0.0
2023-01-17 00:00:00+00:00,1826.0,1857.0,1826.0,1853.5,1851.5224609375,1445108,0.0,0.0
2023-01-18 00:00:00+00:00,1851.5,1856.5,1831.0,1831.0,1829.046630859375,1217432,0.0,0.0
2023-01-19 00:00:00+00:00,1820.5,1826.5,1806.5,1814.0,1812.064697265625,1554848,0.0,0.0
2023-01-20 00:00:00+00:00,1820.0,1835.0,1817.5,1826.5,1824.5513916015625,1849637,0.0,0.0
2023-01-23 00:00:00+00:00,1857.5,1869.5,1841.5,1869.5,1867.505615234375,1599804,0.0,0.0
2023-01-24 00:00:00+00:00,1862.0,1872.5,1820.0,1832.0,1830.0455322265625,4712167,0.0,0.0
2023-01-25 00:00:00+00:00,1842.0,1847.5,1829.8199462890625,1835.0,1833.0423583984375,2133155,0.0,0.0
2023-01-26 00:00:00+00:00,1841.0,1850.427001953125,1827.5,1847.5,1845.529052734375,1804952,0.0,0.0
2023-01-27 00:00:00+00:00,1840.0,1859.5,1832.5,1857.0,1855.018798828125,1162650,0.0,0.0
2023-01-30 00:00:00+00:00,1852.5,1868.5,1843.5,1866.0,1864.00927734375,933484,0.0,0.0
2023-01-31 00:00:00+00:00,1860.0,1876.0,1852.0,1856.0,1854.0198974609375,2500050,0.0,0.0
2023-02-01 00:00:00+00:00,1861.5,1891.0,1859.5,1875.0,1872.99951171875,1626167,0.0,0.0
2023-02-02 00:00:00+00:00,1875.5,1948.5,1875.5,1948.5,1946.4210205078125,1063609,0.0,0.0
2023-02-03 00:00:00+00:00,1940.0,1946.0,1917.75,1931.5,1929.4393310546875,765986,0.0,0.0
2023-02-06 00:00:00+00:00,1922.0,1941.0,1912.0,1936.0,1933.9345703125,1342991,0.0,0.0
2023-02-07 00:00:00+00:00,1926.5,1945.5,1917.5,1924.5,1922.4466552734375,1632105,0.0,0.0
2023-02-08 00:00:00+00:00,1927.0,1949.0,1924.0,1929.0,1926.942138671875,693509,0.0,0.0
2023-02-09 00:00:00+00:00,1934.0,1943.0,1919.5,1928.5,1926.4425048828125,1954043,0.0,0.0
2023-02-10 00:00:00+00:00,1922.0,1925.5,1858.0,1886.0,1883.9879150390625,1810769,0.0,0.0
2023-02-13 00:00:00+00:00,1888.0,1908.5,1882.5,1904.5,1902.468017578125,1098402,0.0,0.0
2023-02-14 00:00:00+00:00,1915.5,1917.5,1895.802001953125,1910.0,1907.96240234375,1113511,0.0,0.0
2023-02-15 00:00:00+00:00,1911.0,1930.0,1895.5,1920.5,1918.451171875,1076452,0.0,0.0
2023-02-16 00:00:00+00:00,1926.0,1946.5,1919.5,1935.0,1932.935546875,972175,0.0,0.0
2023-02-17 00:00:00+00:00,1923.0,1940.0,1898.5,1932.5,1930.438232421875,884257,0.0,0.0
2023-02-20 00:00:00+00:00,1945.0,1949.5,1929.0,1945.5,1943.42431640625,727431,0.0,0.0
2023-02-21 00:00:00+00:00,1941.5,1974.5,1936.0,1969.0,1966.8992919921875,1828752,0.0,0.0
2023-02-22 00:00:00+00:00,1959.0,1976.0,1958.5,1976.0,1973.8919677734375,1566140,0.0,0.0
2023-02-23 00:00:00+00:00,1980.0,1996.5,1949.5,1949.5,1947.4200439453125,2040422,0.0,0.0
2023-02-24 00:00:00+00:00,1956.0,1960.5,1931.5,1946.5,1944.42333984375,1485170,0.0,0.0
2023-02-27 00:00:00+00:00,1970.0,1998.5,1952.5,1974.5,1972.3935546875,1158180,0.0,0.0
2023-02-28 00:00:00+00:00,1984.5,2021.0,1966.0,2007.0,2004.8587646484375,1906317,0.0,0.0
2023-03-01 00:00:00+00:00,2016.0,2037.0,2008.0,2015.0,2012.85009765625,2466117,0.0,0.0
2023-03-02 00:00:00+00:00,2008.0,2023.0,2003.6400146484375,2022.0,2019.8428955078125,990922,0.0,0.0
2023-03-03 00:00:00+00:00,2017.0,2046.0,2013.0,2033.0,2030.8310546875,861766,0.0,0.0
2023-03-06 00:00:00+00:00,2036.0,2055.0,2036.0,2040.0,2037.8236083984375,730261,0.0,0.0
2023-03-07 00:00:00+00:00,2029.0,2057.0,2029.0,2039.0,2036.8248291015625,2336260,0.0,0.0
2023-03-08 00:00:00+00:00,2036.0,2057.0,2029.0,2052.0,2049.810546875,504880,0.0,0.0
2023-03-09 00:00:00+00:00,2051.0,2076.0,2047.0,2067.0,2064.794677734375,987420,0.0,0.0
2023-03-10 00:00:00+00:00,2055.0,2056.0,2010.0999755859375,2017.0,2014.84814453125,1173077,0.0,0.0
2023-03-13 00:00:00+00:00,2015.0,2029.0,1943.5,1948.0,1945.921630859375,2155809,0.0,0.0
2023-03-14 00:00:00+00:00,1952.5,1989.5,1945.0,1989.5,1987.37744140625,1543892,0.0,0.0
2023-03-15 00:00:00+00:00,1984.5,1991.0,1891.5,1900.0,1897.972900390625,2682890,0.0,0.0
2023-03-16 00:00:00+00:00,1930.5,1958.0,1919.5,1949.5,1947.4200439453125,1600776,0.0,0.0
2023-03-17 00:00:00+00:00,1954.5,1963.0,1900.0,1901.5,1899.471435546875,2255149,0.0,0.0
2023-03-20 00:00:00+00:00,1893.0,1937.5,1854.300048828125,1931.0,1928.9398193359375,1167874,0.0,0.0
2023-03-21 00:00:00+00:00,1947.0,1962.5,1941.0,1955.0,1952.914306640625,875485,0.0,0.0
2023-03-22 00:00:00+00:00,1949.5,1969.0,1946.0,1965.0,1962.903564453125,589551,0.0,0.0
2023-03-23 00:00:00+00:00,1960.0,1966.0,1933.0,1955.0,1952.914306640625,1106621,0.0,0.0
2023-03-24 00:00:00+00:00,1944.5,1946.0,1904.0,1918.0,1915.95361328125,822240,0.0,0.0
2023-03-27 00:00:00+01:00,1937.0,1959.5,1925.0,1951.5,1949.41796875,845848,0.0,0.0
2023-03-28 00:00:00+01:00,1959.5,1971.0,1943.0,1952.0,1949.91748046875,702670,0.0,0.0
2023-03-29 00:00:00+01:00,1927.5,1943.5,1895.5,1943.5,1941.426513671875,1861007,0.0,0.0
2023-03-30 00:00:00+01:00,1950.5,1979.5,1946.5,1948.5,1946.4210205078125,1466513,0.0,0.0
2023-03-31 00:00:00+01:00,1951.0,1964.0,1940.0,1940.0,1937.9302978515625,1743074,0.0,0.0
2023-04-03 00:00:00+01:00,1938.5,1954.5,1934.5,1934.5,1932.43603515625,1403669,0.0,0.0
2023-04-04 00:00:00+01:00,1953.0,1953.0,1933.5,1945.0,1942.9249267578125,1071856,0.0,0.0
2023-04-05 00:00:00+01:00,1950.0,1952.5,1934.5,1945.0,1942.9249267578125,1076711,0.0,0.0
2023-04-06 00:00:00+01:00,1947.0,1961.5,1944.7149658203125,1961.5,1959.4073486328125,537183,0.0,0.0
2023-04-11 00:00:00+01:00,1975.5,1984.0,1964.0,1969.5,1967.398681640625,2677005,0.0,0.0
2023-04-12 00:00:00+01:00,1971.5,1978.0,1963.0,1964.5,1962.404052734375,1028461,0.0,0.0
2023-04-13 00:00:00+01:00,1970.0,1990.5,1969.7039794921875,1990.5,1988.376220703125,1659513,0.0,0.0
2023-04-14 00:00:00+01:00,1999.5,2016.0,1988.0,2016.0,2013.84912109375,1499497,0.0,0.0
2023-04-17 00:00:00+01:00,2014.0,2040.18994140625,2014.0,2034.0,2031.8299560546875,1121716,0.0,0.0
2023-04-18 00:00:00+01:00,2039.0,2056.0,2032.0,2053.0,2050.81005859375,1049604,0.0,0.0
2023-04-19 00:00:00+01:00,2049.0,2064.0,2045.0,2045.0,2042.8182373046875,1052922,0.0,0.0
2023-04-20 00:00:00+01:00,2040.0,2050.0,2025.4000244140625,2040.0,2037.8236083984375,1024061,0.0,0.0
2023-04-21 00:00:00+01:00,2040.0,2055.0,2015.0,2046.0,2043.817138671875,978327,0.0,0.0
2023-04-24 00:00:00+01:00,2048.0,2076.0,2042.949951171875,2070.0,2067.791259765625,1494651,0.0,0.0
2023-04-25 00:00:00+01:00,2001.0,2028.0,1924.5,1984.0,1981.8834228515625,3119398,0.0,0.0
2023-04-26 00:00:00+01:00,1978.0,1978.9959716796875,1877.25,1948.0,1945.921630859375,1985453,0.0,0.0
2023-04-27 00:00:00+01:00,1950.0,1963.0,1935.0,1936.5,1934.4339599609375,1136866,0.0,0.0
2023-04-28 00:00:00+01:00,1951.5,1957.5,1917.5,1956.0,1953.9132080078125,1389974,0.0,0.0
2023-05-02 00:00:00+01:00,1955.0,1981.5,1940.5,1956.0,1953.9132080078125,900517,0.0,0.0
2023-05-03 00:00:00+01:00,1954.5,1978.0,1918.0,1925.5,1923.44580078125,1400686,0.0,0.0
2023-05-04 00:00:00+01:00,1909.5,1937.5,1899.0,1907.0,1904.9654541015625,1189827,0.0,0.0
2023-05-05 00:00:00+01:00,1901.0,1925.0,1900.0,1923.0,1920.9483642578125,627662,0.0,0.0
2023-05-09 00:00:00+01:00,1926.0,1938.0,1920.0,1925.5,1923.44580078125,643895,0.0,0.0
2023-05-10 00:00:00+01:00,1928.0,1931.5,1909.5,1917.5,1915.4542236328125,706061,0.0,0.0
2023-05-11 00:00:00+01:00,1917.0,1934.0,1888.5,1908.0,1905.96435546875,889232,0.0,0.0
2023-05-12 00:00:00+01:00,1921.0,1927.0,1903.5,1915.5,1913.456298828125,777787,0.0,0.0
2023-05-15 00:00:00+01:00,1914.0,1927.0,1896.883056640625,1905.5,1903.4669189453125,470758,0.0,0.0
2023-05-16 00:00:00+01:00,1909.5,1937.0,1896.5,1903.5,1901.4693603515625,1082625,0.0,0.0
2023-05-17 00:00:00+01:00,1892.5,1900.0,1879.5,1884.5,1882.489501953125,1371364,0.0,0.0
2023-05-18 00:00:00+01:00,1896.0,1907.5,1888.0,1905.5,1903.4669189453125,759936,0.0,0.0
2023-05-19 00:00:00+01:00,1908.5,1913.5,1895.0,1895.0,1892.978271484375,736472,0.0,0.0
2023-05-22 00:00:00+01:00,1905.0,1923.0,1898.0,1899.5,1897.4735107421875,497917,0.0,0.0
2023-05-23 00:00:00+01:00,1901.5,1903.5,1868.5,1868.5,1866.5064697265625,684732,0.0,0.0
2023-05-24 00:00:00+01:00,1868.5,1871.5,1844.5,1849.0,1847.0272216796875,1157966,0.0,0.0
2023-05-25 00:00:00+01:00,1852.0,1856.5,1836.5,1837.5,1835.539794921875,1361298,0.0,0.0
2023-05-26 00:00:00+01:00,1842.0,1868.5,1827.0,1861.0,1859.0145263671875,679400,0.0,0.0
2023-05-30 00:00:00+01:00,1856.0,1861.0,1830.5,1830.5,1828.547119140625,2716129,0.0,0.0
2023-05-31 00:00:00+01:00,1815.0,1852.5,1804.5,1825.5,1823.5523681640625,2343617,0.0,0.0
2023-06-01 00:00:00+01:00,1819.0,1837.0,1815.5,1827.5,1825.6923828125,900182,14.200001,0.0
2023-06-02 00:00:00+01:00,1838.5,1871.5,1835.02197265625,1869.5,1867.6507568359375,764797,0.0,0.0
2023-06-05 00:00:00+01:00,1874.5,1878.25,1842.0,1842.0,1840.1781005859375,1460144,0.0,0.0
2023-06-06 00:00:00+01:00,1834.5,1849.5,1824.5,1840.0,1838.179931640625,718492,0.0,0.0
2023-06-07 00:00:00+01:00,1840.0,1919.0,1836.5,1896.5,1894.6240234375,1011656,0.0,0.0
2023-06-08 00:00:00+01:00,1892.5,1896.5,1869.5,1875.5,1873.644775390625,1364946,0.0,0.0
2023-06-09 00:00:00+01:00,1876.5,1881.0,1844.6099853515625,1859.5,1857.6607666015625,779570,0.0,0.0
2023-06-12 00:00:00+01:00,1866.5,1879.5,1860.5,1875.0,1873.1453857421875,622874,0.0,0.0
2023-06-13 00:00:00+01:00,1883.0,1883.0,1849.5,1869.0,1867.1512451171875,657753,0.0,0.0
2023-06-14 00:00:00+01:00,1865.0,1879.5,1862.0,1879.5,1877.6407470703125,974057,0.0,0.0
2023-06-15 00:00:00+01:00,1891.0,1914.5,1886.5,1898.5,1896.6220703125,869202,0.0,0.0
2023-06-16 00:00:00+01:00,1913.0,1927.0,1905.43994140625,1925.5,1923.595458984375,2421172,0.0,0.0
2023-06-19 00:00:00+01:00,1915.0,2013.0,1909.5,1945.5,1943.5755615234375,1650923,0.0,0.0
2023-06-20 00:00:00+01:00,1935.5,1957.5,1930.5,1952.5,1950.568603515625,852958,0.0,0.0
2023-06-21 00:00:00+01:00,1937.0,1961.125,1931.5,1959.5,1957.5615234375,738036,0.0,0.0
2023-06-22 00:00:00+01:00,1936.5,1959.5,1930.0,1936.5,1934.5845947265625,692746,0.0,0.0
2023-06-23 00:00:00+01:00,1928.0,1959.5,1924.125,1953.0,1951.068115234375,863946,0.0,0.0
2023-06-26 00:00:00+01:00,1944.0,1968.0,1921.5,1937.0,1935.083984375,2006977,0.0,0.0
2023-06-27 00:00:00+01:00,1959.0,1959.0,1935.0,1950.5,1948.5706787109375,400044,0.0,0.0
2023-06-28 00:00:00+01:00,1958.5,1984.0,1955.0,1973.5,1971.5479736328125,1231316,0.0,0.0
2023-06-29 00:00:00+01:00,1974.5,1996.5,1969.75,1983.5,1981.5380859375,791645,0.0,0.0
2023-06-30 00:00:00+01:00,1975.0,1997.0,1965.0,1991.0,1989.0306396484375,854784,0.0,0.0
2023-07-03 00:00:00+01:00,1995.5,2018.0,1992.5,2018.0,2016.00390625,1425665,0.0,0.0
2023-07-04 00:00:00+01:00,2013.0,2031.0,1999.5,2017.0,2015.0047607421875,1858040,0.0,0.0
2023-07-05 00:00:00+01:00,2025.0,2025.0,1998.5,2006.0,2004.0157470703125,871732,0.0,0.0
2023-07-06 00:00:00+01:00,1993.5,1994.5,1963.0,1973.5,1971.5479736328125,1555344,0.0,0.0
2023-07-07 00:00:00+01:00,1964.0,1991.5,1955.5,1991.5,1989.5299072265625,604312,0.0,0.0
2023-07-10 00:00:00+01:00,1984.0,2015.0,1969.5,2010.0,2008.01171875,649446,0.0,0.0
2023-07-11 00:00:00+01:00,2010.0,2050.0,2010.0,2050.0,2047.9720458984375,881542,0.0,0.0
2023-07-12 00:00:00+01:00,2049.0,2083.0,2048.0,2066.0,2063.956298828125,894134,0.0,0.0
2023-07-13 00:00:00+01:00,2067.0,2070.0,2044.0,2051.0,2048.97119140625,954747,0.0,0.0
2023-07-14 00:00:00+01:00,2042.0,2063.52001953125,2042.0,2055.0,2052.96728515625,671995,0.0,0.0
2023-07-17 00:00:00+01:00,2045.0,2069.55908203125,2040.0,2067.0,2064.955322265625,644028,0.0,0.0
2023-07-18 00:00:00+01:00,2059.0,2106.0,2059.0,2103.0,2100.919677734375,601291,0.0,0.0
2023-07-19 00:00:00+01:00,2116.0,2139.0,2097.0,2103.0,2100.919677734375,1729920,0.0,0.0
2023-07-20 00:00:00+01:00,2100.0,2124.39892578125,2094.199951171875,2114.0,2111.908935546875,1030254,0.0,0.0
2023-07-21 00:00:00+01:00,2117.0,2121.0,2105.0,2108.0,2105.91455078125,733166,0.0,0.0
2023-07-24 00:00:00+01:00,2099.0,2113.0,2088.0,2091.0,2088.931640625,1366403,0.0,0.0
2023-07-25 00:00:00+01:00,2096.0,2103.0,2037.0,2038.0,2035.984130859375,1449353,0.0,0.0
2023-07-26 00:00:00+01:00,2036.0,2066.0,2024.0,2066.0,2063.956298828125,883395,0.0,0.0
2023-07-27 00:00:00+01:00,2075.0,2092.0,2065.0,2085.0,2082.937744140625,1306460,0.0,0.0
2023-07-28 00:00:00+01:00,2076.0,2085.0,2060.0,2075.0,2072.94775390625,1076968,0.0,0.0
2023-07-31 00:00:00+01:00,2067.0,2078.0,2048.0,2050.0,2047.9720458984375,1058611,0.0,0.0
2023-08-01 00:00:00+01:00,2039.0,2047.0,2020.0,2030.0,2027.9920654296875,1397033,0.0,0.0
2023-08-02 00:00:00+01:00,2009.0,2022.0,1996.0,2006.0,2004.0157470703125,953380,0.0,0.0
2023-08-03 00:00:00+01:00,1995.0,2001.0,1972.0,1993.0,1991.028564453125,704390,0.0,0.0
2023-08-04 00:00:00+01:00,1998.0,2010.0,1986.0,2010.0,2008.01171875,731624,0.0,0.0
2023-08-07 00:00:00+01:00,1999.0,2008.0,1992.5,2001.0,1999.0208740234375,484294,0.0,0.0
2023-08-08 00:00:00+01:00,1979.5,1996.0,1971.0,1976.5,1974.544921875,966359,0.0,0.0
2023-08-09 00:00:00+01:00,1995.0,1997.5,1981.0,1985.5,1983.5361328125,925122,0.0,0.0
2023-08-10 00:00:00+01:00,1998.0,2006.0,1988.68994140625,2005.0,2003.0166015625,559383,0.0,0.0
2023-08-11 00:00:00+01:00,1995.5,1995.5,1972.5,1972.5,1970.5489501953125,484610,0.0,0.0
2023-08-14 00:00:00+01:00,1975.5,1984.0999755859375,1970.5,1982.0,1980.03955078125,678387,0.0,0.0
2023-08-15 00:00:00+01:00,1983.0,2006.0,1957.5,1967.5,1965.5537109375,626992,0.0,0.0
2023-08-16 00:00:00+01:00,1960.5,1998.0,1957.0,1991.0,1989.0306396484375,781189,0.0,0.0
2023-08-17 00:00:00+01:00,1975.5,1991.0,1966.0,1966.0,1964.05517578125,785897,0.0,0.0
2023-08-18 00:00:00+01:00,1950.0,1964.7490234375,1933.0,1960.0,1958.061279296875,609949,0.0,0.0
2023-08-21 00:00:00+01:00,1960.0,1977.72998046875,1948.5,1955.0,1953.066162109375,671671,0.0,0.0
2023-08-22 00:00:00+01:00,1961.0,1961.5,1931.5,1937.0,1935.083984375,995445,0.0,0.0
2023-08-23 00:00:00+01:00,1938.5,1943.5,1920.5,1940.0,1938.0809326171875,507392,0.0,0.0
2023-08-24 00:00:00+01:00,1953.5,1962.0,1938.0,1943.0,1941.078125,436872,0.0,0.0
2023-08-25 00:00:00+01:00,1945.0,1971.0,1943.9000244140625,1953.0,1951.068115234375,578056,0.0,0.0
2023-08-29 00:00:00+01:00,1966.5,2001.0,1966.1500244140625,1997.0,1995.0245361328125,976608,0.0,0.0
2023-08-30 00:00:00+01:00,1999.5,2006.0,1970.0,1992.0,1990.029541015625,421256,0.0,0.0
2023-08-31 00:00:00+01:00,1992.5,2004.0,1982.0,1992.5,1990.5291748046875,1909609,0.0,0.0
2023-09-01 00:00:00+01:00,1997.5,2003.0,1984.0,1985.0,1983.0364990234375,623090,0.0,0.0
2023-09-04 00:00:00+01:00,1993.0,2003.0,1985.239013671875,1989.5,1987.5321044921875,447949,0.0,0.0
2023-09-05 00:00:00+01:00,1977.0,2010.0,1969.5,1994.0,1992.0274658203125,994777,0.0,0.0
2023-09-06 00:00:00+01:00,1979.5,1986.0,1955.0,1957.5,1955.563720703125,735656,0.0,0.0
2023-09-07 00:00:00+01:00,1948.5,1989.5,1948.5,1967.5,1965.5537109375,665566,0.0,0.0
2023-09-08 00:00:00+01:00,1976.0,1988.0,1958.5,1984.0,1982.037353515625,1003100,0.0,0.0
2023-09-11 00:00:00+01:00,1942.0,2001.5389404296875,1942.0,2001.0,1999.0208740234375,709887,0.0,0.0
2023-09-12 00:00:00+01:00,2031.0,2167.0,2009.0,2108.0,2105.91455078125,2180200,0.0,0.0
2023-09-13 00:00:00+01:00,2099.0,2116.0,2077.0,2085.0,2082.937744140625,1004769,0.0,0.0
2023-09-14 00:00:00+01:00,2093.0,2100.0,2068.0,2085.0,2082.937744140625,843388,0.0,0.0
2023-09-15 00:00:00+01:00,2104.0,2104.0,2072.0,2081.0,2078.94140625,2576629,0.0,0.0
2023-09-18 00:00:00+01:00,2079.0,2091.0,2054.0,2058.0,2055.964599609375,675762,0.0,0.0
2023-09-19 00:00:00+01:00,2061.0,2087.0,2060.0,2085.0,2082.937744140625,1079234,0.0,0.0
2023-09-20 00:00:00+01:00,2065.0,2115.0,2061.0419921875,2086.0,2083.9365234375,545247,0.0,0.0
2023-09-21 00:00:00+01:00,2074.0,2101.0,2069.0,2090.0,2087.932861328125,736774,0.0,0.0
2023-09-22 00:00:00+01:00,2074.0,2086.35595703125,2064.0,2069.0,2066.95361328125,947152,0.0,0.0
2023-09-25 00:00:00+01:00,2075.0,2078.0,2044.0,2059.0,2056.96337890625,1108907,0.0,0.0
2023-09-26 00:00:00+01:00,2050.0,2089.19189453125,2044.0,2089.0,2086.93359375,836395,0.0,0.0
2023-09-27 00:00:00+01:00,2087.0,2097.0,2071.0,2074.0,2071.9482421875,1125465,0.0,0.0
2023-09-28 00:00:00+01:00,2071.0,2080.0,2031.0,2058.0,2055.964599609375,740775,0.0,0.0
2023-09-29 00:00:00+01:00,2065.0,2083.0,2061.0,2068.0,2065.954345703125,910719,0.0,0.0
2023-10-02 00:00:00+01:00,2070.0,2089.0,2052.0,2057.0,2054.965087890625,780059,0.0,0.0
2023-10-03 00:00:00+01:00,2053.0,2066.0,2025.0,2027.0,2024.9949951171875,760532,0.0,0.0
2023-10-04 00:00:00+01:00,2010.0,2024.0,1967.5,1977.0,1975.04443359375,1253376,0.0,0.0
2023-10-05 00:00:00+01:00,1983.0,2016.0,1978.0,1990.0,1988.03173828125,867901,0.0,0.0
2023-10-06 00:00:00+01:00,1994.0,1994.27001953125,1966.5,1984.5,1982.5369873046875,1449394,0.0,0.0
2023-10-09 00:00:00+01:00,1940.5,1979.0,1939.5,1950.5,1948.5706787109375,1373574,0.0,0.0
2023-10-10 00:00:00+01:00,1963.5,1994.5,1941.0,1989.0,1987.032470703125,1404368,0.0,0.0
2023-10-11 00:00:00+01:00,1984.5,1998.0,1958.5,1967.0,1965.0543212890625,1105456,0.0,0.0
2023-10-12 00:00:00+01:00,1980.0,1993.0,1965.5,1971.5,1969.5498046875,1296367,0.0,0.0
2023-10-13 00:00:00+01:00,1980.0,1980.0,1935.5,1941.5,1939.57958984375,731928,0.0,0.0
2023-10-16 00:00:00+01:00,1956.5,1972.0,1943.0,1971.0,1969.0504150390625,1753234,0.0,0.0
2023-10-17 00:00:00+01:00,1970.5,1996.0,1955.5,1992.5,1990.5291748046875,565126,0.0,0.0
2023-10-18 00:00:00+01:00,1998.5,2010.0,1955.0,1968.0,1966.05322265625,1034307,0.0,0.0
2023-10-19 00:00:00+01:00,1969.0,1984.0,1939.0,1941.0,1939.0799560546875,674801,0.0,0.0
2023-10-20 00:00:00+01:00,1934.0,1938.5,1907.5,1929.5,1927.5914306640625,1433354,0.0,0.0
2023-10-23 00:00:00+01:00,1945.0,1950.0,1915.0,1949.0,1947.0721435546875,580469,0.0,0.0
2023-10-24 00:00:00+01:00,1953.0,1961.0,1934.5,1952.0,1950.0692138671875,1299705,0.0,0.0
2023-10-25 00:00:00+01:00,1946.5,1973.0,1939.5,1966.5,1964.554931640625,1069524,0.0,0.0
2023-10-26 00:00:00+01:00,1956.0,1982.5,1944.0,1956.5,1954.564697265625,1719979,0.0,0.0
2023-10-27 00:00:00+01:00,1954.5,1977.5,1939.5,1950.0,1948.0711669921875,499756,0.0,0.0
2023-10-30 00:00:00+00:00,1963.5,1986.5,1958.5,1986.5,1984.534912109375,791012,0.0,0.0
2023-10-31 00:00:00+00:00,1997.5,2029.0,1965.0,2026.0,2023.995849609375,1509649,0.0,0.0
2023-11-01 00:00:00+00:00,2032.0,2078.0,1965.0,2078.0,2075.944580078125,1327170,0.0,0.0
2023-11-02 00:00:00+00:00,2092.0,2129.0,2059.0,2105.0,2102.91748046875,1077916,0.0,0.0
2023-11-03 00:00:00+00:00,2106.0,2149.35009765625,2093.0,2124.0,2121.899169921875,1305496,0.0,0.0
2023-11-06 00:00:00+00:00,2127.0,2142.0,2105.0,2106.0,2103.9169921875,3882398,0.0,0.0
2023-11-07 00:00:00+00:00,2190.0,2276.0,2176.81005859375,2250.0,2247.774169921875,3014438,0.0,0.0
2023-11-08 00:00:00+00:00,2241.0,2342.0,2229.0,2307.0,2304.718017578125,2911333,0.0,0.0
2023-11-09 00:00:00+00:00,2303.0,2341.0,2295.0,2335.0,2332.68994140625,1614894,0.0,0.0
2023-11-10 00:00:00+00:00,2323.0,2352.0,2302.0,2330.0,2327.6953125,1349625,0.0,0.0
2023-11-13 00:00:00+00:00,2325.0,2343.0,2303.0,2343.0,2340.6826171875,4520437,0.0,0.0
2023-11-14 00:00:00+00:00,2348.0,2358.0,2320.0,2336.0,2333.689453125,1655833,0.0,0.0
2023-11-15 00:00:00+00:00,2345.0,2383.0,2312.0,2356.0,2353.669677734375,1527596,0.0,0.0
2023-11-16 00:00:00+00:00,2357.0,2374.0,2349.0,2354.0,2351.671630859375,871507,0.0,0.0
2023-11-17 00:00:00+00:00,2360.0,2389.0,2341.0,2380.0,2377.645751953125,1810707,0.0,0.0
2023-11-20 00:00:00+00:00,2377.0,2396.0,2339.0,2344.0,2341.681396484375,1195151,0.0,0.0
2023-11-21 00:00:00+00:00,2342.0,2370.0,2325.0,2360.0,2357.66552734375,964043,0.0,0.0
2023-11-22 00:00:00+00:00,2366.0,2374.0,2347.0,2370.0,2367.65576171875,1114430,0.0,0.0
2023-11-23 00:00:00+00:00,2367.0,2382.0,2358.0,2372.0,2369.6533203125,1387700,0.0,0.0
2023-11-24 00:00:00+00:00,2362.0,2377.389892578125,2345.0,2372.0,2369.6533203125,595348,0.0,0.0
2023-11-27 00:00:00+00:00,2370.0,2397.0,2355.0,2378.0,2375.64794921875,1689445,0.0,0.0
2023-11-28 00:00:00+00:00,2371.0,2390.0,2357.0,2373.0,2370.652587890625,1058386,0.0,0.0
2023-11-29 00:00:00+00:00,2370.0,2403.0,2364.0,2388.0,2385.6376953125,1238939,0.0,0.0
2023-11-30 00:00:00+00:00,2366.0,2380.0,2355.0,2378.0,2375.64794921875,1703344,0.0,0.0
2023-12-01 00:00:00+00:00,2386.0,2401.44189453125,2377.52001953125,2385.0,2382.640869140625,944642,0.0,0.0
2023-12-04 00:00:00+00:00,2387.0,2406.0,2370.0,2392.0,2389.634033203125,907970,0.0,0.0
2023-12-05 00:00:00+00:00,2384.0,2407.0,2368.0,2404.0,2401.621826171875,592756,0.0,0.0
2023-12-06 00:00:00+00:00,2413.0,2430.0,2389.0,2425.0,2422.6015625,798443,0.0,0.0
2023-12-07 00:00:00+00:00,2425.0,2438.0,2410.0,2429.0,2426.597412109375,1089382,0.0,0.0
2023-12-08 00:00:00+00:00,2438.0,2454.0,2414.0,2422.0,2419.6044921875,1381908,0.0,0.0
2023-12-11 00:00:00+00:00,2424.0,2460.0,2418.0,2455.0,2452.57177734375,1072017,0.0,0.0
2023-12-12 00:00:00+00:00,2460.0,2485.0,2444.0,2444.0,2441.58251953125,1166846,0.0,0.0
2023-12-13 00:00:00+00:00,2450.0,2480.0,2429.0,2441.0,2438.585205078125,1367210,0.0,0.0
2023-12-14 00:00:00+00:00,2426.0,2456.0,2377.0,2390.0,2388.084228515625,1942502,45.8,0.0
2023-12-15 00:00:00+00:00,2378.0,2405.0,2365.0,2370.0,2368.10009765625,2294441,0.0,0.0
2023-12-18 00:00:00+00:00,2361.0,2374.0,2345.0,2359.0,2357.109130859375,1082774,0.0,0.0
2023-12-19 00:00:00+00:00,2365.0,2382.0,2344.0,2379.0,2377.0927734375,695720,0.0,0.0
2023-12-20 00:00:00+00:00,2400.0,2412.0,2362.0,2377.0,2375.09423828125,1394920,0.0,0.0
2023-12-21 00:00:00+00:00,2373.0,2385.0,2362.719970703125,2375.0,2373.09619140625,527181,0.0,0.0
2023-12-22 00:00:00+00:00,2365.0,2378.0,2348.0,2366.0,2364.10302734375,378763,0.0,0.0
2023-12-27 00:00:00+00:00,2367.0,2391.0,2351.0,2372.0,2370.09814453125,608069,0.0,0.0
2023-12-28 00:00:00+00:00,2377.0,2380.0,2368.0,2369.0,2367.1005859375,418982,0.0,0.0
2023-12-29 00:00:00+00:00,2374.0,2383.0,2361.0,2367.0,2365.102294921875,229960,0.0,0.0
2024-01-02 00:00:00+00:00,2375.0,2382.239990234375,2365.0,2371.0,2369.099365234375,680562,0.0,0.0
2024-01-03 00:00:00+00:00,2363.0,2381.0,2360.0,2370.0,2368.10009765625,682178,0.0,0.0
2024-01-04 00:00:00+00:00,2357.0,2412.0,2357.0,2374.0,2372.096923828125,862158,0.0,0.0
2024-01-05 00:00:00+00:00,2360.0,2360.0,2331.0,2346.0,2344.119140625,1728092,0.0,0.0
2024-01-08 00:00:00+00:00,2342.0,2364.0,2328.0,2363.0,2361.105712890625,828150,0.0,0.0
2024-01-09 00:00:00+00:00,2373.0,2373.0,2340.0,2350.0,2348.115966796875,681874,0.0,0.0
2024-01-10 00:00:00+00:00,2361.0,2362.0,2328.0,2336.0,2334.12744140625,1029650,0.0,0.0
2024-01-11 00:00:00+00:00,2345.0,2346.0,2254.0,2254.0,2252.19287109375,1868486,0.0,0.0
2024-01-12 00:00:00+00:00,2268.0,2294.0,2265.0,2265.0,2263.18408203125,1702227,0.0,0.0
2024-01-15 00:00:00+00:00,2278.0,2291.0,2262.0,2283.0,2281.169921875,1023747,0.0,0.0
2024-01-16 00:00:00+00:00,2269.0,2292.0,2269.0,2278.0,2276.173583984375,1046611,0.0,0.0
2024-01-17 00:00:00+00:00,2255.0,2264.0,2228.0,2251.0,2249.1953125,1131257,0.0,0.0
2024-01-18 00:00:00+00:00,2262.0,2278.0,2259.0,2270.0,2268.180419921875,726873,0.0,0.0
2024-01-19 00:00:00+00:00,2282.0,2283.0,2232.0,2238.0,2236.205810546875,1754245,0.0,0.0
2024-01-22 00:00:00+00:00,2254.0,2271.0,2250.0,2268.0,2266.181884765625,1815705,0.0,0.0
2024-01-23 00:00:00+00:00,2306.0,2322.0,2262.0,2285.0,2283.168212890625,2002310,0.0,0.0
2024-01-24 00:00:00+00:00,2291.0,2325.0,2286.0,2325.0,2323.1357421875,1066462,0.0,0.0
2024-01-25 00:00:00+00:00,2319.0,2360.0,2314.0,2354.0,2352.113037109375,773730,0.0,0.0
2024-01-26 00:00:00+00:00,2355.0,2388.0,2348.0,2384.0,2382.088623046875,1375018,0.0,0.0
2024-01-29 00:00:00+00:00,2389.0,2390.0,2361.219970703125,2365.0,2363.104248046875,695395,0.0,0.0
2024-01-30 00:00:00+00:00,2375.0,2389.340087890625,2364.0,2381.0,2379.091552734375,1813372,0.0,0.0
2024-01-31 00:00:00+00:00,2369.0,2371.0,2339.0,2341.0,2339.123291015625,1258459,0.0,0.0
2024-02-01 00:00:00+00:00,2330.0,2335.0,2275.0,2281.0,2279.171142578125,2064729,0.0,0.0
2024-02-02 00:00:00+00:00,2284.0,2285.0,2253.0,2255.0,2253.1923828125,995584,0.0,0.0
2024-02-05 00:00:00+00:00,2270.0,2276.0,2236.0,2246.0,2244.199462890625,2198079,0.0,0.0
2024-02-06 00:00:00+00:00,2257.0,2281.0,2254.0,2273.0,2271.177734375,859523,0.0,0.0
2024-02-07 00:00:00+00:00,2265.0,2269.0,2240.738037109375,2253.0,2251.19384765625,1020691,0.0,0.0
2024-02-08 00:00:00+00:00,2256.0,2271.679931640625,2247.0,2247.0,2245.198486328125,2101732,0.0,0.0
2024-02-09 00:00:00+00:00,2248.0,2256.0,2232.0,2232.0,2230.210693359375,1210403,0.0,0.0
2024-02-12 00:00:00+00:00,2237.0,2265.0,2235.0,2265.0,2263.18408203125,1420422,0.0,0.0
2024-02-13 00:00:00+00:00,2257.0,2266.0,2235.0,2242.0,2240.20263671875,817588,0.0,0.0
2024-02-14 00:00:00+00:00,2242.0,2277.0,2242.0,2266.0,2264.183349609375,794448,0.0,0.0
2024-02-15 00:00:00+00:00,2282.0,2297.0,2258.0,2285.0,2283.168212890625,690256,0.0,0.0
2024-02-16 00:00:00+00:00,2299.0,2308.0,2271.0,2286.0,2284.16748046875,642793,0.0,0.0
2024-02-19 00:00:00+00:00,2280.0,2300.0,2277.97607421875,2291.0,2289.1630859375,498809,0.0,0.0
2024-02-20 00:00:00+00:00,2283.0,2312.0,2283.0,2307.0,2305.150634765625,807289,0.0,0.0
2024-02-21 00:00:00+00:00,2303.0,2313.0,2295.0,2303.0,2301.153564453125,648062,0.0,0.0
2024-02-22 00:00:00+00:00,2309.0,2317.0,2276.0,2293.0,2291.16162109375,866467,0.0,0.0
2024-02-23 00:00:00+00:00,2293.0,2295.0,2275.0,2291.0,2289.1630859375,803156,0.0,0.0
2024-02-26 00:00:00+00:00,2290.0,2298.0,2279.0,2298.0,2296.157470703125,1218035,0.0,0.0
2024-02-27 00:00:00+00:00,2291.0,2310.0,2273.0,2278.0,2276.173583984375,823464,0.0,0.0
2024-02-28 00:00:00+00:00,2282.0,2292.0,2277.0,2284.0,2282.168701171875,607223,0.0,0.0
2024-02-29 00:00:00+00:00,2285.0,2292.0,2251.0,2273.0,2271.177734375,2641564,0.0,0.0
2024-03-01 00:00:00+00:00,2295.0,2296.070068359375,2269.0,2269.0,2267.180908203125,932781,0.0,0.0
2024-03-04 00:00:00+00:00,2261.0,2263.0,2240.0,2258.0,2256.18994140625,2557375,0.0,0.0
2024-03-05 00:00:00+00:00,2249.0,2258.0,2241.0,2257.0,2255.190673828125,941155,0.0,0.0
2024-03-06 00:00:00+00:00,2263.0,2290.0,2256.0,2267.0,2265.1826171875,847502,0.0,0.0
2024-03-07 00:00:00+00:00,2260.0,2268.0,2243.0,2243.0,2241.20166015625,1329412,0.0,0.0
2024-03-08 00:00:00+00:00,2249.0,2251.0,2226.0,2242.0,2240.20263671875,1157197,0.0,0.0
2024-03-11 00:00:00+00:00,2231.0,2256.0,2227.0,2254.0,2252.19287109375,1206482,0.0,0.0
2024-03-12 00:00:00+00:00,2275.0,2314.0,2261.0,2298.0,2296.157470703125,832229,0.0,0.0
2024-03-13 00:00:00+00:00,2297.0,2337.0,2290.0,2310.0,2308.148193359375,1174524,0.0,0.0
2024-03-14 00:00:00+00:00,2309.0,2323.0,2299.0,2301.0,2299.1552734375,864242,0.0,0.0
2024-03-15 00:00:00+00:00,2296.0,2362.0,2296.0,2342.0,2340.122314453125,1764615,0.0,0.0
2024-03-18 00:00:00+00:00,2336.0,2336.0,2304.0,2304.0,2302.15283203125,616864,0.0,0.0
2024-03-19 00:00:00+00:00,2299.0,2324.0,2296.0,2311.0,2309.147216796875,1067036,0.0,0.0
2024-03-20 00:00:00+00:00,2303.0,2334.0,2300.0,2328.0,2326.133544921875,639571,0.0,0.0
2024-03-21 00:00:00+00:00,2365.0,2403.0,2352.0,2398.0,2396.07763671875,611302,0.0,0.0
2024-03-22 00:00:00+00:00,2404.0,2434.0,2394.0,2426.0,2424.054931640625,760003,0.0,0.0
2024-03-25 00:00:00+00:00,2413.0,2431.0,2404.0,2429.0,2427.052734375,482718,0.0,0.0
2024-03-26 00:00:00+00:00,2425.0,2473.0,2425.0,2473.0,2471.017333984375,1130882,0.0,0.0
2024-03-27 00:00:00+00:00,2499.0,2536.0029296875,2492.0,2514.0,2511.984619140625,1685381,0.0,0.0
2024-03-28 00:00:00+00:00,2509.0,2509.0,2484.0,2498.0,2495.997314453125,1254462,0.0,0.0
2024-04-02 00:00:00+01:00,2497.0,2526.0,2465.0,2465.0,2463.024169921875,983710,0.0,0.0
2024-04-03 00:00:00+01:00,2455.0,2481.333984375,2420.0,2470.0,2468.019775390625,1190556,0.0,0.0
2024-04-04 00:00:00+01:00,2461.0,2491.0,2459.60009765625,2489.0,2487.004638671875,1298135,0.0,0.0
2024-04-05 00:00:00+01:00,2455.0,2459.0,2407.0,2414.0,2412.064697265625,1096882,0.0,0.0
2024-04-08 00:00:00+01:00,2412.0,2426.0,2403.0,2410.0,2408.067626953125,798369,0.0,0.0
2024-04-09 00:00:00+01:00,2398.0,2428.0,2396.0,2423.0,2421.0576171875,925642,0.0,0.0
2024-04-10 00:00:00+01:00,2436.0,2448.0,2427.0,2429.0,2427.052734375,954973,0.0,0.0
2024-04-11 00:00:00+01:00,2420.0,2431.0,2383.0,2406.0,2404.071044921875,1108638,0.0,0.0
2024-04-12 00:00:00+01:00,2424.0,2438.0,2405.0,2406.0,2404.071044921875,699527,0.0,0.0
2024-04-15 00:00:00+01:00,2405.0,2429.0,2402.0,2408.0,2406.069580078125,940986,0.0,0.0
2024-04-16 00:00:00+01:00,2379.0,2389.0,2363.0,2369.0,2367.1005859375,1046716,0.0,0.0
2024-04-17 00:00:00+01:00,2360.0,2407.0,2359.800048828125,2394.0,2392.08056640625,1660097,0.0,0.0
2024-04-18 00:00:00+01:00,2416.0,2449.0,2414.0,2442.0,2440.042236328125,921690,0.0,0.0
2024-04-19 00:00:00+01:00,2427.0,2447.0,2418.0,2447.0,2445.038330078125,796565,0.0,0.0
2024-04-22 00:00:00+01:00,2480.0,2525.0,2479.0,2506.0,2503.990966796875,1122539,0.0,0.0
2024-04-23 00:00:00+01:00,2650.0,2765.0,2649.0,2731.0,2728.810546875,2721358,0.0,0.0
2024-04-24 00:00:00+01:00,2725.0,2727.39208984375,2682.739990234375,2702.0,2699.833740234375,1758138,0.0,0.0
2024-04-25 00:00:00+01:00,2711.0,2714.0,2665.0,2686.0,2683.846923828125,1355339,0.0,0.0
2024-04-26 00:00:00+01:00,2693.0,2706.0,2630.0,2635.0,2632.8876953125,1308957,0.0,0.0
2024-04-29 00:00:00+01:00,2648.0,2654.0,2615.0,2654.0,2651.872314453125,1050040,0.0,0.0
2024-04-30 00:00:00+01:00,2666.0,2682.0,2619.0,2656.0,2653.87060546875,1340642,0.0,0.0
2024-05-01 00:00:00+01:00,2649.0,2656.139892578125,2619.0,2636.0,2633.886962890625,346373,0.0,0.0
2024-05-02 00:00:00+01:00,2681.0,2685.0,2642.0,2643.0,2640.881103515625,1221821,0.0,0.0
2024-05-03 00:00:00+01:00,2656.0,2674.0,2627.0,2671.0,2668.8583984375,1558995,0.0,0.0
2024-05-07 00:00:00+01:00,2698.0,2713.0,2681.0,2687.0,2684.845703125,1106958,0.0,0.0
2024-05-08 00:00:00+01:00,2701.0,2710.0,2692.0,2701.0,2698.834716796875,837425,0.0,0.0
2024-05-09 00:00:00+01:00,2703.0,2722.0,2683.0,2686.0,2683.846923828125,1645747,0.0,0.0
2024-05-10 00:00:00+01:00,2694.0,2713.0,2669.0,2702.0,2699.833740234375,771640,0.0,0.0
2024-05-13 00:00:00+01:00,2698.0,2720.0,2687.0,2687.0,2684.845703125,690159,0.0,0.0
2024-05-14 00:00:00+01:00,2687.0,2725.0,2677.0,2719.0,2716.820068359375,787781,0.0,0.0
2024-05-15 00:00:00+01:00,2715.0,2736.0,2687.0,2711.0,2708.82666015625,1024514,0.0,0.0
2024-05-16 00:00:00+01:00,2713.0,2747.35791015625,2694.0,2738.0,2735.80517578125,1034197,0.0,0.0
2024-05-17 00:00:00+01:00,2740.0,2755.0,2726.0,2730.0,2727.8115234375,660823,0.0,0.0
2024-05-20 00:00:00+01:00,2730.0,2741.0,2717.0,2726.0,2723.814697265625,748936,0.0,0.0
2024-05-21 00:00:00+01:00,2716.0,2743.0,2700.0,2705.0,2702.831298828125,674614,0.0,0.0
2024-05-22 00:00:00+01:00,2682.0,2722.0,2678.0,2688.0,2685.844970703125,758488,0.0,0.0
2024-05-23 00:00:00+01:00,2691.0,2714.0,2669.0,2714.0,2711.82421875,804182,0.0,0.0
2024-05-24 00:00:00+01:00,2690.0,2731.0,2624.0,2722.0,2719.817626953125,671225,0.0,0.0
2024-05-28 00:00:00+01:00,2717.0,2739.0,2622.5,2641.0,2638.8828125,1195933,0.0,0.0
2024-05-29 00:00:00+01:00,2640.0,2671.0,2624.0,2667.0,2664.86181640625,1344678,0.0,0.0
2024-05-30 00:00:00+01:00,2636.0,2684.0,2636.0,2660.0,2658.07373046875,659511,20.7,0.0
2024-05-31 00:00:00+01:00,2600.0,2622.0,2537.0,2550.0,2548.1533203125,5375753,0.0,0.0
2024-06-03 00:00:00+01:00,2575.0,2591.0,2561.0,2561.0,2559.145751953125,3828433,0.0,0.0
2024-06-04 00:00:00+01:00,2553.0,2584.0,2548.0,2566.0,2564.141845703125,3315009,0.0,0.0
2024-06-05 00:00:00+01:00,2638.0,2655.0,2550.0,2585.0,2583.128173828125,2328728,0.0,0.0
2024-06-06 00:00:00+01:00,2583.0,2604.0,2558.0,2584.0,2582.12890625,642423,0.0,0.0
2024-06-07 00:00:00+01:00,2585.0,2601.0,2549.0,2560.0,2558.146240234375,759646,0.0,0.0
2024-06-10 00:00:00+01:00,2541.0,2576.0,2525.0,2546.0,2544.156494140625,578446,0.0,0.0
2024-06-11 00:00:00+01:00,2562.0,2573.0,2508.0,2517.0,2515.17724609375,3663191,0.0,0.0
2024-06-12 00:00:00+01:00,2535.0,2539.52587890625,2499.0,2506.0,2504.185302734375,1577318,0.0,0.0
2024-06-13 00:00:00+01:00,2501.0,2516.0,2488.0,2493.0,2491.19482421875,1456630,0.0,0.0
2024-06-14 00:00:00+01:00,2495.0,2502.0,2468.760986328125,2483.0,2481.201904296875,764561,0.0,0.0
2024-06-17 00:00:00+01:00,2501.0,2505.0,2484.0,2491.0,2489.196044921875,660126,0.0,0.0
2024-06-18 00:00:00+01:00,2502.0,2504.0,2484.0,2495.0,2493.193115234375,1180411,0.0,0.0
2024-06-19 00:00:00+01:00,2484.0,2491.0,2476.0,2476.0,2474.207275390625,702378,0.0,0.0
2024-06-20 00:00:00+01:00,2482.0,2488.0,2448.0,2488.0,2486.1982421875,1282116,0.0,0.0
2024-06-21 00:00:00+01:00,2480.0,2492.0,2455.0,2468.0,2466.212646484375,3260223,0.0,0.0
2024-06-24 00:00:00+01:00,2476.0,2540.0,2459.0,2519.0,2517.176025390625,762073,0.0,0.0
2024-06-25 00:00:00+01:00,2539.0,2563.0,2496.0,2498.0,2496.191162109375,3011792,0.0,0.0
2024-06-26 00:00:00+01:00,2510.0,2541.0,2503.0,2524.0,2522.172607421875,1700002,0.0,0.0
2024-06-27 00:00:00+01:00,2470.0,2540.0,2441.0,2471.0,2469.210693359375,1669265,0.0,0.0
2024-06-28 00:00:00+01:00,2478.0,2491.0,2472.0,2474.0,2472.208251953125,1440315,0.0,0.0
2024-07-01 00:00:00+01:00,2486.0,2502.0,2459.0,2496.0,2494.192626953125,688599,0.0,0.0
2024-07-02 00:00:00+01:00,2484.0,2493.0,2466.0,2466.0,2464.21435546875,570556,0.0,0.0
2024-07-03 00:00:00+01:00,2483.0,2494.0,2467.0,2479.0,2477.204833984375,1933846,0.0,0.0
2024-07-04 00:00:00+01:00,2485.0,2506.0,2464.0,2476.0,2474.207275390625,601395,0.0,0.0
2024-07-05 00:00:00+01:00,2483.0,2508.0,2461.0,2472.0,2470.2099609375,625782,0.0,0.0
2024-07-08 00:00:00+01:00,2471.0,2519.0,2465.0,2504.0,2502.18701171875,633669,0.0,0.0
2024-07-09 00:00:00+01:00,2499.0,2518.0,2437.0,2437.0,2435.235107421875,1166269,0.0,0.0
2024-07-10 00:00:00+01:00,2445.0,2472.0,2422.0,2453.0,2451.2236328125,942192,0.0,0.0
2024-07-11 00:00:00+01:00,2461.0,2471.0,2438.0,2466.0,2464.21435546875,538357,0.0,0.0
2024-07-12 00:00:00+01:00,2481.0,2504.0,2469.0,2504.0,2502.18701171875,275897,0.0,0.0
2024-07-15 00:00:00+01:00,2491.0,2520.0,2452.0,2471.0,2469.210693359375,726125,0.0,0.0
2024-07-16 00:00:00+01:00,2459.0,2482.0,2458.0,2464.0,2462.215576171875,986184,0.0,0.0
2024-07-17 00:00:00+01:00,2466.0,2485.0,2455.0,2485.0,2483.2001953125,392618,0.0,0.0
2024-07-18 00:00:00+01:00,2501.0,2537.0,2470.0,2513.0,2511.180419921875,614447,0.0,0.0
2024-07-19 00:00:00+01:00,2504.0,2520.0,2470.0,2506.0,2504.185302734375,411132,0.0,0.0
2024-07-22 00:00:00+01:00,2519.0,2520.47998046875,2474.0,2480.0,2478.2041015625,1034755,0.0,0.0
2024-07-23 00:00:00+01:00,2473.0,2479.0,2452.0,2464.0,2462.215576171875,491127,0.0,0.0
2024-07-24 00:00:00+01:00,2450.0,2465.0,2446.0,2457.0,2455.220703125,484582,0.0,0.0
2024-07-25 00:00:00+01:00,2441.0,2487.0,2437.0,2484.0,2482.201171875,2273119,0.0,0.0
2024-07-26 00:00:00+01:00,2485.0,2513.0,2483.0,2513.0,2511.180419921875,316041,0.0,0.0
2024-07-29 00:00:00+01:00,2522.0,2527.0,2476.0,2480.0,2478.2041015625,284363,0.0,0.0
2024-07-30 00:00:00+01:00,2477.0,2512.0,2463.0,2481.0,2479.203369140625,1350358,0.0,0.0
2024-07-31 00:00:00+01:00,2499.0,2519.0,2470.0,2482.0,2480.202880859375,797316,0.0,0.0
2024-08-01 00:00:00+01:00,2490.0,2543.0,2477.0,2487.0,2485.199462890625,2591415,0.0,0.0
2024-08-02 00:00:00+01:00,2461.0,2484.0,2442.0,2464.0,2462.215576171875,823521,0.0,0.0
2024-08-05 00:00:00+01:00,2421.0,2436.0,2396.0,2423.0,2421.24560546875,2182278,0.0,0.0
2024-08-06 00:00:00+01:00,2437.0,2444.0,2411.0,2427.0,2425.24267578125,1915998,0.0,0.0
2024-08-07 00:00:00+01:00,2434.0,2456.0,2431.0,2446.0,2444.228759765625,506110,0.0,0.0
2024-08-08 00:00:00+01:00,2432.0,2444.0,2411.0,2434.0,2432.237548828125,1317125,0.0,0.0
2024-08-09 00:00:00+01:00,2435.0,2457.0,2428.0,2457.0,2455.220703125,275294,0.0,0.0
2024-08-12 00:00:00+01:00,2464.0,2470.0,2409.0,2435.0,2433.23681640625,1177489,0.0,0.0
2024-08-13 00:00:00+01:00,2438.0,2457.0,2435.0,2453.0,2451.2236328125,906186,0.0,0.0
2024-08-14 00:00:00+01:00,2464.0,2478.157958984375,2452.0,2474.0,2472.208251953125,410597,0.0,0.0
2024-08-15 00:00:00+01:00,2482.0,2510.0,2472.0,2500.0,2498.189697265625,445482,0.0,0.0
2024-08-16 00:00:00+01:00,2500.0,2507.452880859375,2468.0,2468.0,2466.212646484375,809298,0.0,0.0
2024-08-19 00:00:00+01:00,2464.0,2476.0,2460.0,2476.0,2474.207275390625,621087,0.0,0.0
2024-08-20 00:00:00+01:00,2475.0,2479.0,2442.0,2447.0,2445.22802734375,939161,0.0,0.0
2024-08-21 00:00:00+01:00,2447.0,2452.0,2427.0,2443.0,2441.23095703125,1191894,0.0,0.0
2024-08-22 00:00:00+01:00,2445.0,2485.300048828125,2439.0,2480.0,2478.2041015625,746850,0.0,0.0
2024-08-23 00:00:00+01:00,2487.0,2516.0,2478.0,2514.0,2512.1796875,317418,0.0,0.0
2024-08-27 00:00:00+01:00,2437.0,2518.0,2425.0,2499.0,2497.1904296875,1606296,0.0,0.0
2024-08-28 00:00:00+01:00,2516.0,2527.0,2497.419921875,2504.0,2502.18701171875,393479,0.0,0.0
2024-08-29 00:00:00+01:00,2512.0,2524.0,2496.0,2496.0,2494.192626953125,446690,0.0,0.0
2024-08-30 00:00:00+01:00,2493.0,2506.0,2477.0,2490.0,2488.19677734375,1253999,0.0,0.0
2024-09-02 00:00:00+01:00,2493.0,2495.0,2462.0,2483.0,2481.201904296875,244430,0.0,0.0
2024-09-03 00:00:00+01:00,2485.0,2496.0,2471.033935546875,2496.0,2494.192626953125,311508,0.0,0.0
2024-09-04 00:00:00+01:00,2479.0,2506.0,2472.0,2501.0,2499.188720703125,358927,0.0,0.0
2024-09-05 00:00:00+01:00,2370.0,2433.60009765625,2287.0,2289.0,2287.342529296875,1567872,0.0,0.0
2024-09-06 00:00:00+01:00,2283.0,2286.0,2197.0,2204.0,2202.404052734375,1186741,0.0,0.0
2024-09-09 00:00:00+01:00,2222.0,2224.0,2169.64111328125,2180.0,2178.421142578125,1236483,0.0,0.0
2024-09-10 00:00:00+01:00,2180.0,2213.44091796875,2158.5,2163.0,2161.43359375,1362775,0.0,0.0
2024-09-11 00:00:00+01:00,2170.0,2213.0,2166.0,2167.0,2165.4306640625,2097003,0.0,0.0
2024-09-12 00:00:00+01:00,2187.0,2198.0,2159.0,2168.0,2166.43017578125,3250611,0.0,0.0
2024-09-13 00:00:00+01:00,2171.0,2220.0,2165.0,2189.0,2187.414794921875,1685102,0.0,0.0
2024-09-16 00:00:00+01:00,2182.0,2232.0,2179.0,2232.0,2230.3837890625,1160354,0.0,0.0
2024-09-17 00:00:00+01:00,2244.0,2263.0,2238.0,2243.0,2241.375732421875,1709506,0.0,0.0
2024-09-18 00:00:00+01:00,2238.0,2242.0,2218.0,2235.0,2233.3818359375,1348123,0.0,0.0
2024-09-19 00:00:00+01:00,2277.0,2288.0,2248.0,2256.0,2254.366455078125,902798,0.0,0.0
2024-09-20 00:00:00+01:00,2239.0,2256.4189453125,2229.0,2237.0,2235.380126953125,1703836,0.0,0.0
2024-09-23 00:00:00+01:00,2237.0,2277.0,2217.0,2276.0,2274.351806640625,914959,0.0,0.0
2024-09-24 00:00:00+01:00,2285.0,2295.0,2269.0,2295.0,2293.338134765625,1076607,0.0,0.0
2024-09-25 00:00:00+01:00,2282.0,2291.0,2273.0,2284.0,2282.345947265625,1386353,0.0,0.0
2024-09-26 00:00:00+01:00,2291.0,2315.0,2289.0,2296.0,2294.33740234375,986717,0.0,0.0
2024-09-27 00:00:00+01:00,2296.0,2331.0,2296.0,2323.0,2321.31787109375,962709,0.0,0.0
2024-09-30 00:00:00+01:00,2312.0,2333.0,2310.0,2333.0,2331.310546875,2218519,0.0,0.0
2024-10-01 00:00:00+01:00,2339.0,2361.0,2315.0,2317.0,2315.322265625,767545,0.0,0.0
2024-10-02 00:00:00+01:00,2316.0,2329.113037109375,2285.0,2291.0,2289.3408203125,669353,0.0,0.0
2024-10-03 00:00:00+01:00,2291.0,2308.0,2280.0,2308.0,2306.32861328125,1015250,0.0,0.0
2024-10-04 00:00:00+01:00,2306.0,2322.0,2293.0,2320.0,2318.320068359375,742949,0.0,0.0
2024-10-07 00:00:00+01:00,2330.0,2337.0,2311.0,2312.0,2310.325927734375,1279348,0.0,0.0
2024-10-08 00:00:00+01:00,2297.0,2320.0,2296.0,2305.0,2303.330810546875,2458810,0.0,0.0
2024-10-09 00:00:00+01:00,2321.0,2329.59912109375,2311.0,2323.0,2321.31787109375,577368,0.0,0.0
2024-10-10 00:00:00+01:00,2322.0,2342.0,2313.0,2342.0,2340.303955078125,1339129,0.0,0.0
2024-10-11 00:00:00+01:00,2347.0,2351.0,2330.0,2340.0,2338.305419921875,438221,0.0,0.0
2024-10-14 00:00:00+01:00,2333.0,2354.0,2326.0,2326.0,2324.315673828125,750705,0.0,0.0
2024-10-15 00:00:00+01:00,2337.0,2354.110107421875,2328.0,2349.0,2347.299072265625,1203420,0.0,0.0
2024-10-16 00:00:00+01:00,2357.0,2373.0,2346.0,2368.0,2366.28515625,832532,0.0,0.0
2024-10-17 00:00:00+01:00,2366.0,2389.0,2366.0,2377.0,2375.278564453125,565868,0.0,0.0
2024-10-18 00:00:00+01:00,2365.0,2374.0,2333.0,2348.0,2346.2998046875,1055995,0.0,0.0
2024-10-21 00:00:00+01:00,2349.0,2357.0,2322.0,2322.0,2320.318603515625,673481,0.0,0.0
2024-10-22 00:00:00+01:00,2315.0,2332.070068359375,2306.0,2324.0,2322.317138671875,2344768,0.0,0.0
2024-10-23 00:00:00+01:00,2318.0,2335.0,2302.0,2317.0,2315.322265625,541013,0.0,0.0
2024-10-24 00:00:00+01:00,2315.0,2328.699951171875,2311.0,2314.0,2312.324462890625,299629,0.0,0.0
2024-10-25 00:00:00+01:00,2319.0,2327.0,2300.0,2310.0,2308.327392578125,463552,0.0,0.0
2024-10-28 00:00:00+00:00,2319.0,2319.0,2288.0,2300.0,2298.33447265625,897301,0.0,0.0
2024-10-29 00:00:00+00:00,2308.0,2308.0,2263.0,2289.0,2287.342529296875,1666363,0.0,0.0
2024-10-30 00:00:00+00:00,2276.0,2320.0,2275.0,2293.0,2291.33935546875,981130,0.0,0.0
2024-10-31 00:00:00+00:00,2277.0,2283.0,2221.0,2221.0,2219.391845703125,2840201,0.0,0.0
2024-11-01 00:00:00+00:00,2220.0,2283.0,2218.0,2283.0,2281.346923828125,1242929,0.0,0.0
2024-11-04 00:00:00+00:00,2277.0,2315.712890625,2276.0,2289.0,2287.342529296875,874692,0.0,0.0
2024-11-05 00:00:00+00:00,2430.0,2430.0,2298.0,2362.0,2360.289306640625,1452227,0.0,0.0
2024-11-06 00:00:00+00:00,2366.0,2440.0,2319.0,2319.0,2317.32080078125,1201970,0.0,0.0
2024-11-07 00:00:00+00:00,2319.0,2347.0,2297.0,2297.0,2295.336669921875,1782432,0.0,0.0
2024-11-08 00:00:00+00:00,2297.0,2333.0,2259.777099609375,2264.0,2262.3603515625,725736,0.0,0.0
2024-11-11 00:00:00+00:00,2279.0,2280.0,2249.0,2254.0,2252.36767578125,398205,0.0,0.0
2024-11-12 00:00:00+00:00,2236.0,2245.0,2213.0,2213.0,2211.3974609375,655183,0.0,0.0
2024-11-13 00:00:00+00:00,2209.0,2228.0,2197.0,2217.0,2215.39453125,893142,0.0,0.0
2024-11-14 00:00:00+00:00,2219.0,2244.0,2214.0,2243.0,2241.375732421875,548569,0.0,0.0
2024-11-15 00:00:00+00:00,2233.0,2242.0,2186.0,2186.0,2184.4169921875,934473,0.0,0.0
2024-11-18 00:00:00+00:00,2190.0,2198.0,2168.0,2188.0,2186.415771484375,1099457,0.0,0.0
2024-11-19 00:00:00+00:00,2181.0,2194.0,2149.324951171875,2165.0,2163.43212890625,1404253,0.0,0.0
2024-11-20 00:00:00+00:00,2170.0,2174.0,2139.0,2156.0,2154.438720703125,820301,0.0,0.0
2024-11-21 00:00:00+00:00,2157.0,2173.0,2130.0,2171.0,2169.427978515625,545540,0.0,0.0
2024-11-22 00:00:00+00:00,2184.0,2202.0,2177.0,2197.0,2195.4091796875,521696,0.0,0.0
2024-11-25 00:00:00+00:00,2200.0,2216.0,2191.0,2209.0,2207.400390625,2520383,0.0,0.0
2024-11-26 00:00:00+00:00,2205.0,2221.0,2199.0,2202.0,2200.4052734375,568166,0.0,0.0
2024-11-27 00:00:00+00:00,2208.0,2215.0,2195.0,2195.0,2193.41064453125,830693,0.0,0.0
2024-11-28 00:00:00+00:00,2200.0,2216.0,2190.0,2190.0,2188.4140625,546795,0.0,0.0
2024-11-29 00:00:00+00:00,2181.0,2198.0,2177.0,2198.0,2196.408447265625,643532,0.0,0.0
2024-12-02 00:00:00+00:00,2210.0,2242.0,2201.0,2238.0,2236.37939453125,550498,0.0,0.0
2024-12-03 00:00:00+00:00,2246.0,2272.0,2246.0,2272.0,2270.35498046875,802668,0.0,0.0
2024-12-04 00:00:00+00:00,2278.0,2312.0,2269.0,2304.0,2302.33154296875,860865,0.0,0.0
2024-12-05 00:00:00+00:00,2294.0,2303.0,2239.889892578125,2261.0,2259.362548828125,1262099,0.0,0.0
2024-12-06 00:00:00+00:00,2273.0,2286.0,2232.0,2232.0,2230.3837890625,1026341,0.0,0.0
2024-12-09 00:00:00+00:00,2242.0,2258.0,2208.0,2216.0,2214.395263671875,3951792,0.0,0.0
2024-12-10 00:00:00+00:00,2215.0,2220.56005859375,2198.0,2204.0,2202.404052734375,2480058,0.0,0.0
2024-12-11 00:00:00+00:00,2182.0,2200.0,2159.0,2192.0,2190.412841796875,1941985,0.0,0.0
2024-12-12 00:00:00+00:00,2135.0,2153.0,2126.0,2126.0,2125.13232421875,1094388,69.3,0.0
2024-12-13 00:00:00+00:00,2125.0,2147.0,2122.0,2141.0,2140.12646484375,812468,0.0,0.0
2024-12-16 00:00:00+00:00,2128.0,2135.0,2099.0,2106.0,2105.140625,1221252,0.0,0.0
2024-12-17 00:00:00+00:00,2095.0,2111.0,2069.0,2072.0,2071.154541015625,3475076,0.0,0.0
2024-12-18 00:00:00+00:00,2067.0,2093.0,2053.2900390625,2090.0,2089.14697265625,1123499,0.0,0.0
2024-12-19 00:00:00+00:00,2066.0,2082.0,2053.0,2055.0,2054.161376953125,2058985,0.0,0.0
2024-12-20 00:00:00+00:00,2052.0,2060.197998046875,2037.0,2054.0,2053.16162109375,1814731,0.0,0.0
2024-12-23 00:00:00+00:00,2044.0,2066.0,2039.0,2048.0,2047.1641845703125,674083,0.0,0.0
2024-12-24 00:00:00+00:00,2068.0,2072.0,2043.0,2043.0,2042.1661376953125,211995,0.0,0.0
2024-12-27 00:00:00+00:00,2039.0,2058.0,2038.6669921875,2044.0,2043.165771484375,566512,0.0,0.0
2024-12-30 00:00:00+00:00,2039.0,2050.0,2030.0,2036.0,2035.1690673828125,526595,0.0,0.0
2024-12-31 00:00:00+00:00,2039.0,2055.0,2031.0,2043.0,2042.1661376953125,242160,0.0,0.0
2025-01-02 00:00:00+00:00,2056.0,2060.0,2039.0,2060.0,2059.1591796875,535585,0.0,0.0
2025-01-03 00:00:00+00:00,2055.0,2062.0,2035.0,2037.0,2036.168701171875,1346195,0.0,0.0
2025-01-06 00:00:00+00:00,2040.0,2056.0,2023.0,2054.0,2053.16162109375,890773,0.0,0.0
2025-01-07 00:00:00+00:00,2050.0,2058.0,1993.0,2025.0,2024.173583984375,1658500,0.0,0.0
2025-01-08 00:00:00+00:00,2026.0,2036.0,1990.5,2001.0,2000.183349609375,1079343,0.0,0.0
2025-01-09 00:00:00+00:00,1980.0,1989.5,1934.5,1966.5,1965.6973876953125,1216967,0.0,0.0
2025-01-10 00:00:00+00:00,1986.0,1986.5,1927.5,1931.5,1930.7117919921875,1103147,0.0,0.0
2025-01-13 00:00:00+00:00,1927.5,1963.0,1914.5,1963.0,1962.1988525390625,1291099,0.0,0.0
2025-01-14 00:00:00+00:00,1971.0,1976.0,1950.4649658203125,1955.0,1954.2022705078125,3975777,0.0,0.0
2025-01-15 00:00:00+00:00,1960.0,1990.0,1955.0,1983.5,1982.6904296875,3236804,0.0,0.0
2025-01-16 00:00:00+00:00,1951.0,1974.0,1924.5,1968.0,1967.19677734375,1416409,0.0,0.0
2025-01-17 00:00:00+00:00,1984.0,2028.0,1979.5,2012.0,2011.1788330078125,1526591,0.0,0.0
2025-01-20 00:00:00+00:00,2011.0,2015.0,1984.5,2002.0,2001.182861328125,1576009,0.0,0.0
2025-01-21 00:00:00+00:00,1960.0,1985.5,1949.0,1949.0,1948.2044677734375,2191397,0.0,0.0
2025-01-22 00:00:00+00:00,1943.5,1965.0,1927.8349609375,1937.0,1936.20947265625,1372141,0.0,0.0
2025-01-23 00:00:00+00:00,1900.0,1949.5,1862.0,1879.5,1878.73291015625,2148603,0.0,0.0
2025-01-24 00:00:00+00:00,1878.0,1895.5,1870.22998046875,1884.5,1883.7308349609375,2477930,0.0,0.0
2025-01-27 00:00:00+00:00,1878.0,1905.5,1868.0,1869.5,1868.737060546875,880096,0.0,0.0
2025-01-28 00:00:00+00:00,1868.0,1930.5,1868.0,1919.5,1918.716552734375,1605356,0.0,0.0
2025-01-29 00:00:00+00:00,1920.5,1924.510009765625,1897.0,1902.5,1901.7235107421875,685813,0.0,0.0
2025-01-30 00:00:00+00:00,1904.0,1930.0,1876.5,1930.0,1929.2122802734375,705865,0.0,0.0
2025-01-31 00:00:00+00:00,1932.0,1936.5,1899.0,1902.0,1901.223876953125,2035502,0.0,0.0
2025-02-03 00:00:00+00:00,1883.0,1890.5,1833.0,1848.5,1847.74560546875,613530,0.0,0.0
2025-02-04 00:00:00+00:00,1844.0,1856.5,1828.5,1843.0,1842.247802734375,652844,0.0,0.0
2025-02-05 00:00:00+00:00,1833.5,1862.5,1818.8690185546875,1862.5,1861.7398681640625,729361,0.0,0.0
2025-02-06 00:00:00+00:00,1868.5,1885.0,1850.0,1869.0,1868.2371826171875,1101678,0.0,0.0
2025-02-07 00:00:00+00:00,1870.5,1881.5,1853.5,1860.0,1859.240966796875,596779,0.0,0.0
2025-02-10 00:00:00+00:00,1870.0,1891.5,1862.0,1890.5,1889.728515625,3493525,0.0,0.0
2025-02-11 00:00:00+00:00,1893.0,1914.5,1887.9599609375,1908.5,1907.7210693359375,2695959,0.0,0.0
2025-02-12 00:00:00+00:00,1914.5,1925.0,1897.0,1899.5,1898.724853515625,1172400,0.0,0.0
2025-02-13 00:00:00+00:00,1918.0,1928.0,1899.5,1913.0,1912.2193603515625,850412,0.0,0.0
2025-02-14 00:00:00+00:00,1916.0,1919.0,1904.3790283203125,1905.5,1904.7222900390625,1014050,0.0,0.0
2025-02-17 00:00:00+00:00,1902.5,1935.0,1899.0,1935.0,1934.2103271484375,786558,0.0,0.0
2025-02-18 00:00:00+00:00,1939.0,1939.0,1907.873046875,1922.0,1921.215576171875,914456,0.0,0.0
2025-02-19 00:00:00+00:00,1919.0,1920.5,1862.0,1880.5,1879.7325439453125,1758401,0.0,0.0
2025-02-20 00:00:00+00:00,1885.5,1893.0,1875.0,1882.5,1881.731689453125,591276,0.0,0.0
2025-02-21 00:00:00+00:00,1883.5,1921.0,1880.5,1911.0,1910.219970703125,1432512,0.0,0.0
2025-02-24 00:00:00+00:00,1916.5,1921.0,1897.5,1908.5,1907.7210693359375,1003907,0.0,0.0
2025-02-25 00:00:00+00:00,1898.5,1900.0,1848.2530517578125,1852.0,1851.244140625,1509805,0.0,0.0
2025-02-26 00:00:00+00:00,1862.0,1906.0,1858.0,1897.5,1896.7255859375,1013896,0.0,0.0
2025-02-27 00:00:00+00:00,1882.0,1891.0,1870.0,1879.0,1878.2330322265625,634913,0.0,0.0
2025-02-28 00:00:00+00:00,1862.5,1903.0,1862.5,1895.0,1894.2265625,2060925,0.0,0.0
2025-03-03 00:00:00+00:00,1895.0,1908.5,1877.5,1895.5,1894.726318359375,969738,0.0,0.0
2025-03-04 00:00:00+00:00,1884.5,1895.0,1851.0,1851.0,1850.24462890625,939913,0.0,0.0
2025-03-05 00:00:00+00:00,1871.0,1881.0,1852.5,1853.5,1852.7435302734375,606130,0.0,0.0
2025-03-06 00:00:00+00:00,1866.5,1908.0,1864.0,1897.0,1896.225830078125,1195533,0.0,0.0
2025-03-07 00:00:00+00:00,1887.0,1916.5,1876.0,1916.5,1915.7177734375,1109820,0.0,0.0
2025-03-10 00:00:00+00:00,1934.5,1945.0,1910.6800537109375,1930.5,1929.7120361328125,774633,0.0,0.0
2025-03-11 00:00:00+00:00,1922.5,1960.0,1922.5,1931.0,1930.2119140625,1054451,0.0,0.0
2025-03-12 00:00:00+00:00,1905.0,1919.5,1830.5,1847.0,1846.24609375,1429649,0.0,0.0
2025-03-13 00:00:00+00:00,1838.5,1865.0,1826.5,1841.5,1840.7484130859375,1367897,0.0,0.0
2025-03-14 00:00:00+00:00,1837.5,1859.0,1833.0,1853.0,1852.2437744140625,636714,0.0,0.0
2025-03-17 00:00:00+00:00,1860.5,1883.5,1856.0,1882.0,1881.23193359375,480259,0.0,0.0
2025-03-18 00:00:00+00:00,1887.5,1905.0,1882.5,1903.5,1902.7230224609375,1225510,0.0,0.0
2025-03-19 00:00:00+00:00,1898.5,1912.5,1891.0,1905.5,1904.7222900390625,939291,0.0,0.0
2025-03-20 00:00:00+00:00,1905.5,1929.5,1905.0,1925.0,1924.21435546875,1200483,0.0,0.0
2025-03-21 00:00:00+00:00,1917.0,1925.0,1900.5,1920.5,1919.71630859375,2467993,0.0,0.0
2025-03-24 00:00:00+00:00,1928.5,1943.0,1907.0,1920.5,1919.71630859375,961622,0.0,0.0
2025-03-25 00:00:00+00:00,1926.0,1940.0,1899.0,1901.5,1900.7239990234375,1250680,0.0,0.0
2025-03-26 00:00:00+00:00,1909.5,1921.0,1900.0,1908.0,1907.2213134765625,1051109,0.0,0.0
2025-03-27 00:00:00+00:00,1900.5,1946.5,1900.0,1945.0,1944.206298828125,776662,0.0,0.0
2025-03-28 00:00:00+00:00,1946.0,1968.0,1940.5,1940.5,1939.7080078125,607867,0.0,0.0
2025-03-31 00:00:00+01:00,1913.5,1922.5,1842.5,1910.0,1909.220458984375,1452425,0.0,0.0
2025-04-01 00:00:00+01:00,1965.5,1970.0,1912.5,1927.0,1926.2135009765625,3335971,0.0,0.0
2025-04-02 00:00:00+01:00,1922.0,1960.0,1921.5,1960.0,1959.199951171875,835345,0.0,0.0
2025-04-03 00:00:00+01:00,1942.5,2003.0,1935.0,1983.0,1982.190673828125,1056354,0.0,0.0
2025-04-04 00:00:00+01:00,1992.0,2040.0,1937.5,1940.5,1939.7080078125,2194746,0.0,0.0
2025-04-07 00:00:00+01:00,1878.0,1948.5,1855.0,1880.0,1879.2327880859375,3595728,0.0,0.0
2025-04-08 00:00:00+01:00,1883.5,1965.0,1877.0,1958.5,1957.7008056640625,1240022,0.0,0.0
2025-04-09 00:00:00+01:00,1924.0,1950.0,1893.5,1934.5,1933.71044921875,1266968,0.0,0.0
2025-04-10 00:00:00+01:00,2004.0,2004.0,1935.81201171875,1959.5,1958.7003173828125,899180,0.0,0.0
2025-04-11 00:00:00+01:00,1970.5,2021.0,1954.5,2005.0,2004.181640625,1025576,0.0,0.0
2025-04-14 00:00:00+01:00,2031.0,2091.0,2023.0,2072.0,2071.154541015625,748753,0.0,0.0
2025-04-15 00:00:00+01:00,2070.0,2124.0,2070.0,2104.0,2103.141357421875,674994,0.0,0.0
2025-04-16 00:00:00+01:00,2104.0,2161.0,2097.0,2159.0,2158.118896484375,901571,0.0,0.0
2025-04-17 00:00:00+01:00,2147.0,2227.0,2145.0,2194.0,2193.1044921875,760810,0.0,0.0
2025-04-22 00:00:00+01:00,2200.0,2230.0,2188.0,2204.0,2203.100341796875,1790352,0.0,0.0
2025-04-23 00:00:00+01:00,2219.0,2230.0,2172.802001953125,2180.0,2179.1103515625,589811,0.0,0.0
2025-04-24 00:00:00+01:00,2176.0,2215.0,2176.0,2190.0,2189.1064453125,614303,0.0,0.0
2025-04-25 00:00:00+01:00,2210.0,2221.0,2195.0,2203.0,2202.10107421875,884675,0.0,0.0
2025-04-28 00:00:00+01:00,2233.0,2260.0,2215.0,2239.0,2238.086181640625,950876,0.0,0.0
2025-04-29 00:00:00+01:00,2060.0,2123.0,2020.0,2034.0,2033.1697998046875,2879005,0.0,0.0
2025-04-30 00:00:00+01:00,2024.0,2092.0,2022.0,2064.0,2063.15771484375,1834319,0.0,0.0
2025-05-01 00:00:00+01:00,2059.0,2073.0,1996.0,2016.0,2015.1771240234375,820919,0.0,0.0
2025-05-02 00:00:00+01:00,2023.0,2050.0,2014.0,2050.0,2049.16357421875,775810,0.0,0.0
2025-05-06 00:00:00+01:00,2078.0,2078.0,2015.0,2020.0,2019.1756591796875,766907,0.0,0.0
2025-05-07 00:00:00+01:00,2001.0,2009.0,1969.5,1971.5,1970.6954345703125,1208762,0.0,0.0
2025-05-08 00:00:00+01:00,1992.0,2028.0,1988.5899658203125,2028.0,2027.17236328125,883712,0.0,0.0
2025-05-09 00:00:00+01:00,2046.0,2112.0,2032.0,2112.0,2111.13818359375,1281470,0.0,0.0
2025-05-12 00:00:00+01:00,2129.0,2133.0,2061.0,2071.0,2070.154541015625,1065981,0.0,0.0
2025-05-13 00:00:00+01:00,2061.0,2094.0,2048.0,2090.0,2089.14697265625,913657,0.0,0.0
2025-05-14 00:00:00+01:00,2050.0,2092.0,2050.0,2068.0,2067.156005859375,877320,0.0,0.0
2025-05-15 00:00:00+01:00,2066.0,2092.0,2060.0,2081.0,2080.150634765625,1194100,0.0,0.0
2025-05-16 00:00:00+01:00,2093.0,2105.0,2081.0,2088.0,2087.14794921875,766940,0.0,0.0
2025-05-19 00:00:00+01:00,2084.0,2100.0,2071.0,2087.0,2086.148193359375,1307503,0.0,0.0
2025-05-20 00:00:00+01:00,2093.0,2129.0,2074.0,2129.0,2128.131103515625,557371,0.0,0.0
2025-05-21 00:00:00+01:00,2134.0,2149.0,2109.77490234375,2141.0,2140.12646484375,1018541,0.0,0.0
2025-05-22 00:00:00+01:00,2126.0,2131.0,2091.0,2100.0,2099.142822265625,1038142,0.0,0.0
2025-05-23 00:00:00+01:00,2104.0,2110.0,2071.0,2084.0,2083.1494140625,800259,0.0,0.0
2025-05-27 00:00:00+01:00,2099.0,2118.0,2089.0,2109.0,2108.139404296875,1111177,0.0,0.0
2025-05-28 00:00:00+01:00,2112.0,2112.0,2088.0,2088.0,2087.14794921875,1084423,0.0,0.0
2025-05-29 00:00:00+01:00,2075.0,2081.0,2052.0,2062.0,2061.36279296875,1052542,20.7,0.0
2025-05-30 00:00:00+01:00,2077.0,2100.0,2071.0,2083.0,2082.3564453125,2248843,0.0,0.0
2025-06-02 00:00:00+01:00,2069.0,2092.0,2065.0,2068.0,2067.361083984375,1542840,0.0,0.0
2025-06-03 00:00:00+01:00,2062.0,2070.0,2012.5419921875,2042.0,2041.3690185546875,2016484,0.0,0.0
2025-06-04 00:00:00+01:00,2040.0,2080.0,2040.0,2063.0,2062.362548828125,1560836,0.0,0.0
2025-06-05 00:00:00+01:00,2062.0,2076.0,2060.0,2067.0,2066.361328125,1153104,0.0,0.0
2025-06-06 00:00:00+01:00,2066.0,2068.0,2048.0,2057.0,2056.364501953125,698599,0.0,0.0
2025-06-09 00:00:00+01:00,2058.0,2069.0,2052.0,2069.0,2068.360595703125,711090,0.0,0.0
2025-06-10 00:00:00+01:00,2081.0,2083.0,2042.0,2051.0,2050.3662109375,754225,0.0,0.0
2025-06-11 00:00:00+01:00,2038.0,2051.0,2021.0,2028.0,2027.373291015625,871641,0.0,0.0
2025-06-12 00:00:00+01:00,2019.0,2047.0,2016.0,2045.0,2044.3680419921875,829326,0.0,0.0
2025-06-13 00:00:00+01:00,2036.0,2048.0,2017.0,2048.0,2047.3670654296875,938480,0.0,0.0
2025-06-16 00:00:00+01:00,2044.0,2088.0,2035.0,2069.0,2068.360595703125,692825,0.0,0.0
2025-06-17 00:00:00+01:00,2062.0,2097.0,2061.0,2073.0,2072.359375,750722,0.0,0.0
2025-06-18 00:00:00+01:00,2072.0,2086.0,2067.0,2068.0,2067.361083984375,877694,0.0,0.0
2025-06-19 00:00:00+01:00,2061.0,2073.0,2049.0,2063.0,2062.362548828125,685922,0.0,0.0
2025-06-20 00:00:00+01:00,2070.0,2108.0,2062.0,2077.0,2076.358154296875,2047430,0.0,0.0
2025-06-23 00:00:00+01:00,2066.0,2073.0,2033.0,2033.0,2032.3717041015625,1026947,0.0,0.0
2025-06-24 00:00:00+01:00,2057.0,2063.0,2036.0,2036.0,2035.370849609375,857201,0.0,0.0
2025-06-25 00:00:00+01:00,2031.0,2042.0,2024.0,2037.0,2036.3704833984375,1328541,0.0,0.0
2025-06-26 00:00:00+01:00,2030.0,2086.0,2028.0,2080.0,2079.357177734375,1416197,0.0,0.0
2025-06-27 00:00:00+01:00,2087.0,2094.0,2059.0,2081.0,2080.35693359375,524372,0.0,0.0
2025-06-30 00:00:00+01:00,2091.0,2099.0,2056.0,2058.0,2057.364013671875,665502,0.0,0.0
2025-07-01 00:00:00+01:00,2056.0,2099.0,2055.0,2097.0,2096.35205078125,675810,0.0,0.0
2025-07-02 00:00:00+01:00,2100.0,2101.0,2033.0,2058.0,2057.364013671875,675263,0.0,0.0
2025-07-03 00:00:00+01:00,2067.0,2080.0,2061.0,2072.0,2071.359619140625,774295,0.0,0.0
2025-07-04 00:00:00+01:00,2075.0,2088.0,2063.0,2078.0,2077.35791015625,323248,0.0,0.0
2025-07-07 00:00:00+01:00,2078.0,2081.0,2049.0,2049.0,2048.36669921875,634298,0.0,0.0
2025-07-08 00:00:00+01:00,2043.0,2071.0,2043.0,2062.0,2061.36279296875,3686533,0.0,0.0
2025-07-09 00:00:00+01:00,2073.0,2073.0,2048.0,2056.0,2055.364501953125,487873,0.0,0.0
2025-07-10 00:00:00+01:00,2063.0,2067.0,2038.949951171875,2059.0,2058.36376953125,573640,0.0,0.0
2025-07-11 00:00:00+01:00,2065.0,2071.0,2048.0,2048.0,2047.3670654296875,701898,0.0,0.0
2025-07-14 00:00:00+01:00,2050.0,2124.0,2032.0,2088.0,2087.354736328125,726983,0.0,0.0
2025-07-15 00:00:00+01:00,2094.0,2106.0,2068.0,2106.0,2105.34912109375,585351,0.0,0.0
2025-07-16 00:00:00+01:00,2102.0,2126.0,2086.0,2112.0,2111.347412109375,605897,0.0,0.0
2025-07-17 00:00:00+01:00,2124.0,2166.0,2113.0,2158.0,2157.333251953125,4578327,0.0,0.0
2025-07-18 00:00:00+01:00,2173.0,2203.0,2172.0,2182.0,2181.32568359375,803200,0.0,0.0
2025-07-21 00:00:00+01:00,2184.0,2201.0,2177.0,2201.0,2200.31982421875,379947,0.0,0.0
2025-07-22 00:00:00+01:00,2191.0,2218.0,2191.0,2208.0,2207.317626953125,417260,0.0,0.0
2025-07-23 00:00:00+01:00,2228.0,2258.0,2219.0,2252.0,2251.303955078125,622619,0.0,0.0
2025-07-24 00:00:00+01:00,2248.0,2282.0,2229.0,2237.0,2236.30859375,500516,0.0,0.0
2025-07-25 00:00:00+01:00,2240.0,2241.0,2194.0,2237.0,2236.30859375,624859,0.0,0.0
2025-07-28 00:00:00+01:00,2250.0,2255.0,2214.0,2232.0,2231.31005859375,602515,0.0,0.0
2025-07-29 00:00:00+01:00,2239.0,2258.0,2222.0,2222.0,2221.313232421875,686144,0.0,0.0
2025-07-30 00:00:00+01:00,2223.0,2236.0,2207.0,2223.0,2222.313232421875,494088,0.0,0.0
2025-07-31 00:00:00+01:00,2228.0,2237.0,2194.0,2198.0,2197.32080078125,704929,0.0,0.0
2025-08-01 00:00:00+01:00,2188.0,2199.0,2163.0,2178.0,2177.326904296875,732943,0.0,0.0
2025-08-04 00:00:00+01:00,2184.0,2191.110107421875,2171.0,2191.0,2190.322998046875,706194,0.0,0.0
2025-08-05 00:00:00+01:00,2194.0,2218.0,2188.0,2212.0,2211.316650390625,910094,0.0,0.0
2025-08-06 00:00:00+01:00,2222.0,2225.0,2196.0,2208.0,2207.317626953125,747251,0.0,0.0
2025-08-07 00:00:00+01:00,2211.0,2228.0,2206.0,2213.0,2212.316162109375,884094,0.0,0.0
2025-08-08 00:00:00+01:00,2220.0,2234.0,2210.0,2212.0,2211.316650390625,559100,0.0,0.0
2025-08-11 00:00:00+01:00,2215.0,2262.0,2208.0,2253.0,2252.3037109375,558488,0.0,0.0
2025-08-12 00:00:00+01:00,2259.0,2280.14990234375,2255.0,2272.0,2271.2978515625,546700,0.0,0.0
2025-08-13 00:00:00+01:00,2276.0,2305.0,2271.0,2305.0,2304.28759765625,471558,0.0,0.0
2025-08-14 00:00:00+01:00,2311.0,2328.0,2268.0,2273.0,2272.297607421875,3043274,0.0,0.0
2025-08-15 00:00:00+01:00,2288.0,2297.0,2266.0,2273.0,2272.297607421875,508200,0.0,0.0
2025-08-18 00:00:00+01:00,2278.0,2285.0,2257.0,2274.0,2273.297119140625,443156,0.0,0.0
2025-08-19 00:00:00+01:00,2280.0,2317.0,2275.0,2301.0,2300.288818359375,761665,0.0,0.0
2025-08-20 00:00:00+01:00,2297.0,2339.0,2282.0,2337.0,2336.27783203125,2378486,0.0,0.0
2025-08-21 00:00:00+01:00,2337.0,2346.0,2327.0,2330.0,2329.280029296875,462140,0.0,0.0
2025-08-22 00:00:00+01:00,2322.0,2328.0,2296.0,2314.0,2313.284912109375,262018,0.0,0.0
2025-08-26 00:00:00+01:00,2249.0,2293.0,2204.0,2222.0,2221.313232421875,1348574,0.0,0.0
2025-08-27 00:00:00+01:00,2221.0,2230.0,2183.0,2189.0,2188.323486328125,474795,0.0,0.0
2025-08-28 00:00:00+01:00,2197.0,2202.0,2162.0,2180.0,2179.326416015625,460692,0.0,0.0
2025-08-29 00:00:00+01:00,2183.0,2194.0,2160.0,2160.0,2159.33251953125,693105,0.0,0.0
2025-09-01 00:00:00+01:00,2170.0,2193.0,2160.0,2190.0,2189.322998046875,1140919,0.0,0.0
2025-09-02 00:00:00+01:00,2194.0,2194.0,2162.0,2185.0,2184.324951171875,664462,0.0,0.0
2025-09-03 00:00:00+01:00,2178.0,2216.0,2159.0,2205.0,2204.318603515625,573098,0.0,0.0
2025-09-04 00:00:00+01:00,2207.0,2258.0,2204.0,2228.0,2227.3115234375,789160,0.0,0.0
2025-09-05 00:00:00+01:00,2229.0,2232.0,2199.0,2222.0,2221.313232421875,531718,0.0,0.0
2025-09-08 00:00:00+01:00,2229.0,2244.0,2212.0,2237.0,2236.30859375,712857,0.0,0.0
2025-09-09 00:00:00+01:00,2253.0,2253.0,2222.0,2241.0,2240.307373046875,685260,0.0,0.0
2025-09-10 00:00:00+01:00,2033.0,2075.0,1928.5,1945.5,1944.8988037109375,2880344,0.0,0.0
2025-09-11 00:00:00+01:00,1948.5,2002.0,1934.5,1935.0,1934.402099609375,1370338,0.0,0.0
2025-09-12 00:00:00+01:00,1935.0,1977.0,1931.5,1970.5,1969.8909912109375,907114,0.0,0.0
2025-09-15 00:00:00+01:00,1973.5,1999.5,1955.0,1961.5,1960.8939208984375,935094,0.0,0.0
2025-09-16 00:00:00+01:00,1959.0,1990.5,1952.0,1978.0,1977.3887939453125,534764,0.0,0.0
2025-09-17 00:00:00+01:00,1988.0,2014.0,1983.5,2002.0,2001.38134765625,784960,0.0,0.0
2025-09-18 00:00:00+01:00,1981.0,1993.0,1961.5,1971.0,1970.390869140625,519053,0.0,0.0
2025-09-19 00:00:00+01:00,1968.0,2001.0,1968.0,1979.0,1978.388427734375,1428775,0.0,0.0
2025-09-22 00:00:00+01:00,1969.5,1982.5,1963.0,1976.0,1975.3892822265625,752277,0.0,0.0
2025-09-23 00:00:00+01:00,1976.0,1999.5,1973.0,1991.5,1990.884521484375,3922866,0.0,0.0
2025-09-24 00:00:00+01:00,2004.0,2011.0,1983.5,1995.5,1994.88330078125,3895663,0.0,0.0
2025-09-25 00:00:00+01:00,1994.5,2014.0,1978.0,2002.0,2001.38134765625,643868,0.0,0.0
2025-09-26 00:00:00+01:00,2004.0,2019.0,1996.5,2019.0,2018.3760986328125,702644,0.0,0.0
2025-09-29 00:00:00+01:00,2016.0,2034.0,2001.0,2027.0,2026.37353515625,573877,0.0,0.0
2025-09-30 00:00:00+01:00,2026.0,2058.0,2019.0,2051.0,2050.3662109375,762127,0.0,0.0
2025-10-01 00:00:00+01:00,2047.0,2086.0,2040.0,2069.0,2068.360595703125,605796,0.0,0.0
2025-10-02 00:00:00+01:00,2080.0,2099.0,2070.0,2099.0,2098.3515625,1228039,0.0,0.0
2025-10-03 00:00:00+01:00,2095.0,2109.0,2085.0,2099.0,2098.3515625,494919,0.0,0.0
2025-10-06 00:00:00+01:00,2089.0,2119.0,2081.0,2101.0,2100.350830078125,450879,0.0,0.0
2025-10-07 00:00:00+01:00,2106.0,2136.0,2095.0,2125.0,2124.34326171875,871384,0.0,0.0
2025-10-08 00:00:00+01:00,2111.0,2131.0,2092.0,2105.0,2104.349609375,545707,0.0,0.0
2025-10-09 00:00:00+01:00,2113.0,2126.0,2106.0,2125.0,2124.34326171875,689152,0.0,0.0
2025-10-10 00:00:00+01:00,2136.0,2158.0,2124.0,2136.0,2135.33984375,635069,0.0,0.0
2025-10-13 00:00:00+01:00,2138.0,2162.0,2131.0,2147.0,2146.33642578125,612602,0.0,0.0
2025-10-14 00:00:00+01:00,2145.0,2190.0,2135.0,2143.0,2142.337890625,688599,0.0,0.0
2025-10-15 00:00:00+01:00,2143.0,2177.0,2134.0,2170.0,2169.32958984375,401929,0.0,0.0
2025-10-16 00:00:00+01:00,2181.0,2226.0,2169.0,2217.0,2216.31494140625,550862,0.0,0.0
2025-10-17 00:00:00+01:00,2211.0,2245.0,2202.0,2239.0,2238.30810546875,841304,0.0,0.0
2025-10-20 00:00:00+01:00,2226.0,2233.0,2179.0,2205.0,2204.318603515625,729947,0.0,0.0
2025-10-21 00:00:00+01:00,2199.0,2215.0,2192.0,2215.0,2214.3154296875,473109,0.0,0.0
2025-10-22 00:00:00+01:00,2220.0,2283.0,2214.0,2276.0,2275.296875,630799,0.0,0.0
2025-10-23 00:00:00+01:00,2273.0,2286.0,2251.0,2286.0,2285.29345703125,814242,0.0,0.0
2025-10-24 00:00:00+01:00,2288.0,2297.0,2265.971923828125,2293.0,2292.29150390625,387891,0.0,0.0
2025-10-27 00:00:00+00:00,2300.0,2303.0,2280.0,2290.0,2289.292236328125,945718,0.0,0.0
2025-10-28 00:00:00+00:00,2289.0,2303.0,2263.0,2294.0,2293.291015625,399796,0.0,0.0
2025-10-29 00:00:00+00:00,2294.0,2328.0,2287.0,2295.0,2294.290771484375,531418,0.0,0.0
2025-10-30 00:00:00+00:00,2299.0,2323.0,2281.0,2315.0,2314.28466796875,371034,0.0,0.0
2025-10-31 00:00:00+00:00,2311.0,2315.0,2284.0,2295.0,2294.290771484375,658010,0.0,0.0
2025-11-03 00:00:00+00:00,2303.0,2307.0,2244.0,2280.0,2279.29541015625,772525,0.0,0.0
2025-11-04 00:00:00+00:00,2350.0,2359.0,2189.0,2212.0,2211.316650390625,1611873,0.0,0.0
2025-11-05 00:00:00+00:00,2192.0,2216.0,2162.0,2216.0,2215.315185546875,3210870,0.0,0.0
2025-11-06 00:00:00+00:00,2224.0,2294.0,2217.0,2244.0,2243.306640625,1006256,0.0,0.0
2025-11-07 00:00:00+00:00,2250.0,2275.0,2230.0,2263.0,2262.300537109375,1766270,0.0,0.0
2025-11-10 00:00:00+00:00,2268.0,2279.0,2230.0,2258.0,2257.30224609375,641414,0.0,0.0
2025-11-11 00:00:00+00:00,2272.0,2288.0,2235.0,2235.0,2234.309326171875,596128,0.0,0.0
2025-11-12 00:00:00+00:00,2235.0,2239.0,2202.0,2227.0,2226.311767578125,982380,0.0,0.0
2025-11-13 00:00:00+00:00,2236.0,2251.0,2221.0,2221.0,2220.3134765625,391933,0.0,0.0
2025-11-14 00:00:00+00:00,2212.0,2217.0,2160.0,2160.0,2159.33251953125,736276,0.0,0.0
2025-11-17 00:00:00+00:00,2163.0,2172.0,2103.0,2103.0,2102.35009765625,452641,0.0,0.0
2025-11-18 00:00:00+00:00,2076.0,2104.0,2073.0,2084.0,2083.35595703125,815199,0.0,0.0
2025-11-19 00:00:00+00:00,2083.0,2128.0,2083.0,2100.0,2099.35107421875,798825,0.0,0.0
2025-11-20 00:00:00+00:00,2107.0,2117.0,2096.0,2099.0,2098.3515625,464618,0.0,0.0
2025-11-21 00:00:00+00:00,2086.0,2122.0,2081.5,2112.0,2111.347412109375,699145,0.0,0.0
2025-11-24 00:00:00+00:00,2125.0,2125.0,2083.7919921875,2084.0,2083.35595703125,1434571,0.0,0.0
2025-11-25 00:00:00+00:00,2086.0,2102.0,2076.0,2095.0,2094.3525390625,600298,0.0,0.0
2025-11-26 00:00:00+00:00,2086.0,2161.0,2078.0,2124.0,2123.343505859375,954937,0.0,0.0
2025-11-27 00:00:00+00:00,2135.0,2161.0,2133.0,2148.0,2147.336181640625,452587,0.0,0.0
2025-11-28 00:00:00+00:00,2155.0,2158.0,2136.0,2136.0,2135.33984375,479974,0.0,0.0
2025-12-01 00:00:00+00:00,2139.0,2143.0,2121.0,2134.0,2133.340576171875,429498,0.0,0.0
2025-12-02 00:00:00+00:00,2128.0,2142.0,2113.0,2123.0,2122.343994140625,546240,0.0,0.0
2025-12-03 00:00:00+00:00,2128.0,2135.0,2109.0,2115.0,2114.34619140625,424158,0.0,0.0
2025-12-04 00:00:00+00:00,2114.0,2131.0,2106.0,2125.0,2124.34326171875,664910,0.0,0.0
2025-12-05 00:00:00+00:00,2109.0,2155.0,2109.0,2125.0,2124.34326171875,841141,0.0,0.0
2025-12-08 00:00:00+00:00,2130.0,2154.0,2111.0,2124.0,2123.343505859375,933853,0.0,0.0
2025-12-09 00:00:00+00:00,2117.0,2142.0,2112.0,2116.0,2115.34619140625,823089,0.0,0.0
2025-12-10 00:00:00+00:00,2108.0,2136.0,2099.0,2130.0,2129.341796875,643247,0.0,0.0
2025-12-11 00:00:00+00:00,2084.0,2109.0,2080.0,2097.0,2096.768310546875,1014582,42.3,0.0
2025-12-12 00:00:00+00:00,2095.0,2114.0,2082.0,2086.0,2085.76953125,507108,0.0,0.0
2025-12-15 00:00:00+00:00,2060.0,2092.0,2045.9000244140625,2089.0,2088.769287109375,767336,0.0,0.0
2025-12-16 00:00:00+00:00,2096.0,2118.10595703125,2081.0,2118.0,2117.76611328125,717801,0.0,0.0
2025-12-17 00:00:00+00:00,2119.0,2128.0,2090.0,2119.0,2118.765869140625,862057,0.0,0.0
2025-12-18 00:00:00+00:00,2130.0,2140.0,2111.0,2135.0,2134.76416015625,1209335,0.0,0.0
2025-12-19 00:00:00+00:00,2138.0,2154.0,2122.0,2124.0,2123.765380859375,1445329,0.0,0.0
2025-12-22 00:00:00+00:00,2125.0,2126.0,2097.0,2107.0,2106.767333984375,1470716,0.0,0.0
2025-12-23 00:00:00+00:00,2115.0,2128.0,2102.0,2111.0,2110.766845703125,306744,0.0,0.0
2025-12-24 00:00:00+00:00,2126.0,2126.0,2112.0,2113.0,2112.7666015625,122582,0.0,0.0
2025-12-29 00:00:00+00:00,2117.0,2133.0,2113.0,2121.0,2120.765625,427444,0.0,0.0
2025-12-30 00:00:00+00:00,2113.0,2150.0,2113.0,2142.0,2141.763427734375,273346,0.0,0.0
